,pmi,w1,w2,year
0,1.3561005929258787,buitenlandsche,verre,1815
0,0.0,buitenlandsche,verbindingen,1815
0,2.026948393217512,buitenlandsche,verbinding,1815
0,1.6437194265562296,buitenlandsche,betrekking,1815
0,1.7321488529968672,buitenlandsche,betrekkingen,1815
0,2.9119865815875627,buitenlandsche,verhouding,1815
0,0.0,buitenlandsche,verhoudingen,1815
0,1.700628528060317,buitenlandsche,afstand,1815
0,1.4648140660142355,buitenland,verre,1815
0,0.0,buitenland,verbindingen,1815
0,1.8691956330043606,buitenland,verbinding,1815
0,1.709110217657288,buitenland,betrekking,1815
0,1.7685521072246733,buitenland,betrekkingen,1815
0,2.823226692861363,buitenland,verhouding,1815
0,0.0,buitenland,verhoudingen,1815
0,1.560894273349844,buitenland,afstand,1815
0,1.657972521957573,buitenlandsche,verre,1816
0,0.0,buitenlandsche,verbindingen,1816
0,0.0,buitenlandsche,verbinding,1816
0,1.6467897713946487,buitenlandsche,betrekking,1816
0,1.8668617976964315,buitenlandsche,betrekkingen,1816
0,1.7338011483842786,buitenlandsche,verhouding,1816
0,0.0,buitenlandsche,verhoudingen,1816
0,1.726576158006345,buitenlandsche,afstand,1816
0,1.6630673532442815,buitenland,verre,1816
0,0.0,buitenland,verbindingen,1816
0,0.0,buitenland,verbinding,1816
0,1.6453699216601636,buitenland,betrekking,1816
0,1.8445576547950258,buitenland,betrekkingen,1816
0,1.7025283355001122,buitenland,verhouding,1816
0,1.6094379124341003,buitenland,verhoudingen,1816
0,1.6801744635258786,buitenland,afstand,1816
0,1.464751629384964,buitenlandsche,verre,1817
0,0.0,buitenlandsche,verbindingen,1817
0,2.068570701818132,buitenlandsche,verbinding,1817
0,1.8440163814009045,buitenlandsche,betrekking,1817
0,2.0865892073208103,buitenlandsche,betrekkingen,1817
0,0.7335696350857918,buitenlandsche,verhouding,1817
0,0.0,buitenlandsche,verhoudingen,1817
0,2.0505521963154534,buitenlandsche,afstand,1817
0,1.4720684275122322,buitenland,verre,1817
0,0.0,buitenland,verbindingen,1817
0,1.8637129800017642,buitenland,verbinding,1817
0,1.8016775890823118,buitenland,betrekking,1817
0,2.046034536795719,buitenland,betrekkingen,1817
0,1.2218590938293696,buitenland,verhouding,1817
0,0.0,buitenland,verhoudingen,1817
0,2.2203879239404967,buitenland,afstand,1817
0,1.1703304310461105,buitenlandsche,verre,1818
0,0.0,buitenlandsche,verbindingen,1818
0,0.0,buitenlandsche,verbinding,1818
0,1.65495462036756,buitenlandsche,betrekking,1818
0,1.9854774462678468,buitenlandsche,betrekkingen,1818
0,1.9299982939476181,buitenlandsche,verhouding,1818
0,0.0,buitenlandsche,verhoudingen,1818
0,2.2171994815620484,buitenlandsche,afstand,1818
0,1.3249736004179204,buitenland,verre,1818
0,0.0,buitenland,verbindingen,1818
0,1.6146378340736927,buitenland,verbinding,1818
0,1.6896538653136475,buitenland,betrekking,1818
0,1.9719836938376585,buitenland,betrekkingen,1818
0,1.9713127780124249,buitenland,verhouding,1818
0,0.0,buitenland,verhoudingen,1818
0,2.1497807654903895,buitenland,afstand,1818
0,1.2822461047278113,buitenlandsche,verre,1819
0,0.0,buitenlandsche,verbindingen,1819
0,1.316075969246216,buitenlandsche,verbinding,1819
0,1.7652161408570421,buitenlandsche,betrekking,1819
0,1.9903546655017788,buitenlandsche,betrekkingen,1819
0,2.532471293570709,buitenlandsche,verhouding,1819
0,3.330978989788481,buitenlandsche,verhoudingen,1819
0,1.9959779230561407,buitenlandsche,afstand,1819
0,1.3877966877660366,buitenland,verre,1819
0,2.763749695091195,buitenland,verbindingen,1819
0,1.8474589632170397,buitenland,verbinding,1819
0,1.8248846411785007,buitenland,betrekking,1819
0,1.9776260580731448,buitenland,betrekkingen,1819
0,2.476067622639414,buitenland,verhouding,1819
0,3.169214803199359,buitenland,verhoudingen,1819
0,1.9954818840631414,buitenland,afstand,1819
0,1.2643983156686691,buitenlandsche,verre,1820
0,0.0,buitenlandsche,verbindingen,1820
0,0.0,buitenlandsche,verbinding,1820
0,1.6761912060297774,buitenlandsche,betrekking,1820
0,1.9969555809972026,buitenlandsche,betrekkingen,1820
0,1.8208840445484193,buitenlandsche,verhouding,1820
0,0.0,buitenlandsche,verhoudingen,1820
0,2.0246541447498574,buitenlandsche,afstand,1820
0,1.347322054441197,buitenland,verre,1820
0,0.0,buitenland,verbindingen,1820
0,0.0,buitenland,verbinding,1820
0,1.6932609735995134,buitenland,betrekking,1820
0,1.9744339180713624,buitenland,betrekkingen,1820
0,1.6572837833626737,buitenland,verhouding,1820
0,0.0,buitenland,verhoudingen,1820
0,1.9351618557178336,buitenland,afstand,1820
0,1.2076972943562987,buitenlandsche,verre,1821
0,0.0,buitenlandsche,verbindingen,1821
0,1.1603809698051673,buitenlandsche,verbinding,1821
0,1.7345207208661042,buitenlandsche,betrekking,1821
0,1.9150000144587804,buitenlandsche,betrekkingen,1821
0,1.8261291761769982,buitenlandsche,verhouding,1821
0,2.6644583665814414,buitenlandsche,verhoudingen,1821
0,1.8705064868995303,buitenlandsche,afstand,1821
0,1.3170655971864211,buitenland,verre,1821
0,0.0,buitenland,verbindingen,1821
0,1.034292461087723,buitenland,verbinding,1821
0,1.7571154097937849,buitenland,betrekking,1821
0,1.8820019288073482,buitenland,betrekkingen,1821
0,1.9231842187737636,buitenland,verhouding,1821
0,2.538369857863997,buitenland,verhoudingen,1821
0,1.831429355171716,buitenland,afstand,1821
0,1.374198336481891,buitenlandsche,verre,1822
0,0.0,buitenlandsche,verbindingen,1822
0,0.536168383025469,buitenlandsche,verbinding,1822
0,1.7734271649848716,buitenlandsche,betrekking,1822
0,1.9729349944977763,buitenlandsche,betrekkingen,1822
0,1.5859905075241467,buitenlandsche,verhouding,1822
0,0.0,buitenlandsche,verhoudingen,1822
0,1.47361734040697,buitenlandsche,afstand,1822
0,1.3915459493610107,buitenland,verre,1822
0,0.0,buitenland,verbindingen,1822
0,1.0821908488292225,buitenland,verbinding,1822
0,1.759123363249604,buitenland,betrekking,1822
0,1.8987170505496722,buitenland,betrekkingen,1822
0,1.7012300572354457,buitenland,verhouding,1822
0,0.0,buitenland,verhoudingen,1822
0,1.4557043571307844,buitenland,afstand,1822
0,1.2670879310951628,buitenlandsche,verre,1823
0,0.0,buitenlandsche,verbindingen,1823
0,0.0,buitenlandsche,verbinding,1823
0,1.790371111416239,buitenlandsche,betrekking,1823
0,2.030653401013391,buitenlandsche,betrekkingen,1823
0,1.8045292215610436,buitenlandsche,verhouding,1823
0,2.546466566290421,buitenlandsche,verhoudingen,1823
0,1.5168471491092625,buitenlandsche,afstand,1823
0,1.3792026030723479,buitenland,verre,1823
0,0.0,buitenland,verbindingen,1823
0,0.0,buitenland,verbinding,1823
0,1.817892787268076,buitenland,betrekking,1823
0,1.958301359850233,buitenland,betrekkingen,1823
0,2.011954073342553,buitenland,verhouding,1823
0,3.1105663620106627,buitenland,verhoudingen,1823
0,1.5419504440968177,buitenland,afstand,1823
0,1.4240039567884,buitenlandsche,verre,1824
0,0.0,buitenlandsche,verbindingen,1824
0,0.0,buitenlandsche,verbinding,1824
0,1.697053953181211,buitenlandsche,betrekking,1824
0,1.890833787352149,buitenlandsche,betrekkingen,1824
0,2.2455848129011993,buitenlandsche,verhouding,1824
0,3.3273899832529277,buitenlandsche,verhoudingen,1824
0,2.0746270147575596,buitenlandsche,afstand,1824
0,1.4212479991961582,buitenland,verre,1824
0,0.0,buitenland,verbindingen,1824
0,0.0,buitenland,verbinding,1824
0,1.7005205239814016,buitenland,betrekking,1824
0,1.9060835761733288,buitenland,betrekkingen,1824
0,2.1946573116355914,buitenland,verhouding,1824
0,3.181152302182995,buitenland,verhoudingen,1824
0,1.9998482976697722,buitenland,afstand,1824
0,1.3802818606698308,buitenlandsche,verre,1825
0,0.0,buitenlandsche,verbindingen,1825
0,1.0693149144569796,buitenlandsche,verbinding,1825
0,1.6988568450623525,buitenlandsche,betrekking,1825
0,1.971812324198799,buitenlandsche,betrekkingen,1825
0,1.1563262914466093,buitenlandsche,verhouding,1825
0,0.0,buitenlandsche,verhoudingen,1825
0,1.3549788227525235,buitenlandsche,afstand,1825
0,1.392594024304344,buitenland,verre,1825
0,0.0,buitenland,verbindingen,1825
0,0.9480956854669703,buitenland,verbinding,1825
0,1.7423928491483984,buitenland,betrekking,1825
0,2.004743775036048,buitenland,betrekkingen,1825
0,1.322789134908381,buitenland,verhouding,1825
0,0.0,buitenland,verhoudingen,1825
0,1.3481699449402582,buitenland,afstand,1825
0,1.4893307420938624,buitenlandsche,verre,1826
0,0.0,buitenlandsche,verbindingen,1826
0,0.0,buitenlandsche,verbinding,1826
0,1.5749671796492606,buitenlandsche,betrekking,1826
0,1.8537238244265624,buitenlandsche,betrekkingen,1826
0,1.5134493018556108,buitenlandsche,verhouding,1826
0,2.554903176683772,buitenlandsche,verhoudingen,1826
0,1.3141163992351197,buitenlandsche,afstand,1826
0,1.5034081629120026,buitenland,verre,1826
0,0.0,buitenland,verbindingen,1826
0,0.0,buitenland,verbinding,1826
0,1.5533265178653213,buitenland,betrekking,1826
0,1.7992933398196322,buitenland,betrekkingen,1826
0,1.5506491400946052,buitenland,verhouding,1826
0,2.437952335095508,buitenland,verhoudingen,1826
0,1.3369275000220142,buitenland,afstand,1826
0,1.2449998408850638,buitenlandsche,verre,1827
0,2.012006082583133,buitenlandsche,verbindingen,1827
0,1.318858902023188,buitenlandsche,verbinding,1827
0,1.5722162319338944,buitenlandsche,betrekking,1827
0,1.9048614451318056,buitenlandsche,betrekkingen,1827
0,1.0776968452063003,buitenlandsche,verhouding,1827
0,1.4730095818504465,buitenlandsche,verhoudingen,1827
0,1.2632890508683772,buitenlandsche,afstand,1827
0,1.286913798817703,buitenland,verre,1827
0,1.9067623961794853,buitenland,verbindingen,1827
0,1.2136152156195397,buitenland,verbinding,1827
0,1.5980008079366503,buitenland,betrekking,1827
0,1.9266174494894648,buitenland,betrekkingen,1827
0,1.2826080871064913,buitenland,verhouding,1827
0,1.3677658954467982,buitenland,verhoudingen,1827
0,1.2778465642773496,buitenland,afstand,1827
0,1.4343615503383877,buitenlandsche,verre,1828
0,0.0,buitenlandsche,verbindingen,1828
0,0.22297443957322416,buitenlandsche,verbinding,1828
0,1.67529739369461,buitenlandsche,betrekking,1828
0,1.9394219925477996,buitenlandsche,betrekkingen,1828
0,1.546925670118979,buitenlandsche,verhouding,1828
0,0.0,buitenlandsche,verhoudingen,1828
0,1.451365771247306,buitenlandsche,afstand,1828
0,1.456546430281372,buitenland,verre,1828
0,0.0,buitenland,verbindingen,1828
0,0.8213592354671665,buitenland,verbinding,1828
0,1.6821986628051073,buitenland,betrekking,1828
0,1.9444799431640076,buitenland,betrekkingen,1828
0,1.6972857434859612,buitenland,verhouding,1828
0,0.0,buitenland,verhoudingen,1828
0,1.3812959991716747,buitenland,afstand,1828
0,1.4986998258852438,buitenlandsche,verre,1829
0,0.0,buitenlandsche,verbindingen,1829
0,1.4177211015625026,buitenlandsche,verbinding,1829
0,1.6284758229691372,buitenlandsche,betrekking,1829
0,1.8362568554146579,buitenlandsche,betrekkingen,1829
0,1.5414484940904047,buitenlandsche,verhouding,1829
0,2.0769667304467667,buitenlandsche,verhoudingen,1829
0,1.5132441605586908,buitenlandsche,afstand,1829
0,1.5658281519158328,buitenland,verre,1829
0,0.0,buitenland,verbindingen,1829
0,1.4854032908030417,buitenland,verbinding,1829
0,1.6545363375188566,buitenland,betrekking,1829
0,1.857519486100101,buitenland,betrekkingen,1829
0,1.8041033576784569,buitenland,verhouding,1829
0,1.962327362893351,buitenland,verhoudingen,1829
0,1.536755131486092,buitenland,afstand,1829
0,1.4677500741166083,buitenlandsche,verre,1830
0,0.0,buitenlandsche,verbindingen,1830
0,1.1050374401668834,buitenlandsche,verbinding,1830
0,1.6121200776540399,buitenlandsche,betrekking,1830
0,1.7096627571896246,buitenlandsche,betrekkingen,1830
0,1.920836633494716,buitenlandsche,verhouding,1830
0,1.8390066152470839,buitenlandsche,verhoudingen,1830
0,1.69712602801164,buitenlandsche,afstand,1830
0,1.4889691567586076,buitenland,verre,1830
0,0.0,buitenland,verbindingen,1830
0,1.475750865672755,buitenland,verbinding,1830
0,1.6252653032439637,buitenland,betrekking,1830
0,1.7001707413465694,buitenland,betrekkingen,1830
0,1.9630459920285515,buitenland,verhouding,1830
0,1.6988944169869646,buitenland,verhoudingen,1830
0,1.6648104002072281,buitenland,afstand,1830
0,1.5046377782599394,buitenlandsche,verre,1831
0,0.0,buitenlandsche,verbindingen,1831
0,1.294767385899365,buitenlandsche,verbinding,1831
0,1.6429156843995845,buitenlandsche,betrekking,1831
0,1.8092262481968906,buitenlandsche,betrekkingen,1831
0,1.5054302759899654,buitenlandsche,verhouding,1831
0,2.0679572741328465,buitenlandsche,verhoudingen,1831
0,1.4943758053354521,buitenlandsche,afstand,1831
0,1.5220044323260316,buitenland,verre,1831
0,0.0,buitenland,verbindingen,1831
0,1.5098329650384508,buitenland,verbinding,1831
0,1.6585453902132536,buitenland,betrekking,1831
0,1.8244479198498198,buitenland,betrekkingen,1831
0,1.566345175301793,buitenland,verhouding,1831
0,1.9953407808201515,buitenland,verhoudingen,1831
0,1.5203612888272966,buitenland,afstand,1831
0,1.4646321364584727,buitenlandsche,verre,1832
0,1.3451262191884545,buitenlandsche,verbindingen,1832
0,1.3681157374131534,buitenlandsche,verbinding,1832
0,1.5928808849237888,buitenlandsche,betrekking,1832
0,1.6859866007235573,buitenlandsche,betrekkingen,1832
0,1.6368816170278713,buitenlandsche,verhouding,1832
0,0.42883548731429944,buitenlandsche,verhoudingen,1832
0,1.5054688692636338,buitenlandsche,afstand,1832
0,1.479274024526609,buitenland,verre,1832
0,1.9471311330928525,buitenland,verbindingen,1832
0,1.5871283990614453,buitenland,verbinding,1832
0,1.600970106592647,buitenland,betrekking,1832
0,1.6993570328034968,buitenland,betrekkingen,1832
0,1.638829773438336,buitenland,verhouding,1832
0,0.337693220658752,buitenland,verhoudingen,1832
0,1.5071083360590527,buitenland,afstand,1832
0,1.397607582549919,buitenlandsche,verre,1833
0,2.0122910455331815,buitenlandsche,verbindingen,1833
0,1.5874078515679155,buitenlandsche,verbinding,1833
0,1.468369882035674,buitenlandsche,betrekking,1833
0,1.4786732556226452,buitenlandsche,betrekkingen,1833
0,1.6200711641750376,buitenlandsche,verhouding,1833
0,0.0,buitenlandsche,verhoudingen,1833
0,1.259195604359454,buitenlandsche,afstand,1833
0,1.4138774724555179,buitenland,verre,1833
0,1.9076867072127237,buitenland,verbindingen,1833
0,1.5940291483576823,buitenland,verbinding,1833
0,1.4799675513742812,buitenland,betrekking,1833
0,1.4818217785986336,buitenland,betrekkingen,1833
0,1.6733698553003888,buitenland,verhouding,1833
0,0.0,buitenland,verhoudingen,1833
0,1.247809394871097,buitenland,afstand,1833
0,1.3721054050458767,buitenlandsche,verre,1834
0,2.31799836061919,buitenlandsche,verbindingen,1834
0,1.5252213391104037,buitenlandsche,verbinding,1834
0,1.4869938974875996,buitenlandsche,betrekking,1834
0,1.5916774063772468,buitenlandsche,betrekkingen,1834
0,1.4356091804207163,buitenlandsche,verhouding,1834
0,0.7981726068747771,buitenlandsche,verhoudingen,1834
0,1.2476476559793839,buitenlandsche,afstand,1834
0,1.395088649404551,buitenland,verre,1834
0,2.604205661919866,buitenland,verbindingen,1834
0,1.693645604754696,buitenland,verbinding,1834
0,1.4925591554128492,buitenland,betrekking,1834
0,1.5840106649782204,buitenland,betrekkingen,1834
0,1.4524835479378078,buitenland,verhouding,1834
0,0.6789148000672883,buitenland,verhoudingen,1834
0,1.2920192729536975,buitenland,afstand,1834
0,1.3489753307088759,buitenlandsche,verre,1835
0,1.1982868586100883,buitenlandsche,verbindingen,1835
0,1.0784856587974678,buitenlandsche,verbinding,1835
0,1.353183073732308,buitenlandsche,betrekking,1835
0,1.524656453053492,buitenlandsche,betrekkingen,1835
0,1.4299410995922066,buitenlandsche,verhouding,1835
0,0.6105001937079694,buitenlandsche,verhoudingen,1835
0,1.1581924014082103,buitenlandsche,afstand,1835
0,1.3779099459643007,buitenland,verre,1835
0,1.777010939475898,buitenland,verbindingen,1835
0,1.2742174874071714,buitenland,verbinding,1835
0,1.3963889182417557,buitenland,betrekking,1835
0,1.543283861146528,buitenland,betrekkingen,1835
0,1.4864757980417107,buitenland,verhouding,1835
0,1.189224274573779,buitenland,verhoudingen,1835
0,1.1581796528918187,buitenland,afstand,1835
0,1.311367821651665,buitenlandsche,verre,1836
0,0.9126684401902014,buitenlandsche,verbindingen,1836
0,1.5916309857581903,buitenlandsche,verbinding,1836
0,1.3596498113783175,buitenlandsche,betrekking,1836
0,1.6141316769918042,buitenlandsche,betrekkingen,1836
0,1.4573956156318737,buitenlandsche,verhouding,1836
0,0.0,buitenlandsche,verhoudingen,1836
0,1.2382413863533788,buitenlandsche,afstand,1836
0,1.3564177988575503,buitenland,verre,1836
0,1.8498542072351982,buitenland,verbindingen,1836
0,1.6533480154492874,buitenland,verbinding,1836
0,1.3481634370461195,buitenland,betrekking,1836
0,1.594355672431718,buitenland,betrekkingen,1836
0,1.6034537937567213,buitenland,verhouding,1836
0,2.697152067622402,buitenland,verhoudingen,1836
0,1.2579942169454434,buitenland,afstand,1836
0,1.3770647971689791,buitenlandsche,verre,1837
0,2.1484641746286726,buitenlandsche,verbindingen,1837
0,1.3714355100880253,buitenlandsche,verbinding,1837
0,1.3891387307653469,buitenlandsche,betrekking,1837
0,1.6295706256146394,buitenlandsche,betrekkingen,1837
0,1.5595207715987298,buitenlandsche,verhouding,1837
0,1.3375339584123438,buitenlandsche,verhoudingen,1837
0,1.3232014655115683,buitenlandsche,afstand,1837
0,1.4223599052087152,buitenland,verre,1837
0,1.84408553418866,buitenland,verbindingen,1837
0,1.3294211341155036,buitenland,verbinding,1837
0,1.420809583334248,buitenland,betrekking,1837
0,1.6100768530053464,buitenland,betrekkingen,1837
0,1.678956377935078,buitenland,verhouding,1837
0,1.7263024985322764,buitenland,verhoudingen,1837
0,1.2805812125135447,buitenland,afstand,1837
0,1.3802477595751312,buitenlandsche,verre,1838
0,1.9958684771020574,buitenlandsche,verbindingen,1838
0,1.3360072741755786,buitenlandsche,verbinding,1838
0,1.4920136347072424,buitenlandsche,betrekking,1838
0,1.6034754505612456,buitenlandsche,betrekkingen,1838
0,1.6694988826586539,buitenlandsche,verhouding,1838
0,0.7229028012891697,buitenlandsche,verhoudingen,1838
0,1.5100789314973915,buitenlandsche,afstand,1838
0,1.4496055039969231,buitenland,verre,1838
0,1.7131180443249254,buitenland,verbindingen,1838
0,1.512789170776887,buitenland,verbinding,1838
0,1.4404084805035273,buitenland,betrekking,1838
0,1.590057951567698,buitenland,betrekkingen,1838
0,1.692915337007406,buitenland,verhouding,1838
0,1.5387646571801477,buitenland,verhoudingen,1838
0,1.440162680375608,buitenland,afstand,1838
0,1.4453387040602033,buitenlandsche,verre,1839
0,2.923200258705584,buitenlandsche,verbindingen,1839
0,1.5598954158103926,buitenlandsche,verbinding,1839
0,1.4089186917550687,buitenlandsche,betrekking,1839
0,1.554848331428832,buitenlandsche,betrekkingen,1839
0,1.6521187096865315,buitenlandsche,verhouding,1839
0,1.5369058975856937,buitenlandsche,verhoudingen,1839
0,1.297888997115194,buitenlandsche,afstand,1839
0,1.4518218479583502,buitenland,verre,1839
0,2.654060046472078,buitenland,verbindingen,1839
0,1.6654486530182966,buitenland,verbinding,1839
0,1.372110456890178,buitenland,betrekking,1839
0,1.482567834435307,buitenland,betrekkingen,1839
0,1.5750562291923444,buitenland,verhouding,1839
0,1.2677656853521873,buitenland,verhoudingen,1839
0,1.2808036796903168,buitenland,afstand,1839
0,1.3591598426310512,buitenlandsche,verre,1840
0,2.153325632699127,buitenlandsche,verbindingen,1840
0,1.5880118236490666,buitenlandsche,verbinding,1840
0,1.305607692490581,buitenlandsche,betrekking,1840
0,1.5250390863412224,buitenlandsche,betrekkingen,1840
0,1.485046518717195,buitenlandsche,verhouding,1840
0,0.36156616347107196,buitenlandsche,verhoudingen,1840
0,1.2539289416499912,buitenlandsche,afstand,1840
0,1.4298803509854876,buitenland,verre,1840
0,1.8693883435375707,buitenland,verbindingen,1840
0,1.8347027855496807,buitenland,verbinding,1840
0,1.2982617890866475,buitenland,betrekking,1840
0,1.5178547990992568,buitenland,betrekkingen,1840
0,1.4755460752573988,buitenland,verhouding,1840
0,1.1762411629776253,buitenland,verhoudingen,1840
0,1.2704127507176457,buitenland,afstand,1840
0,1.2822026924951617,buitenlandsche,verre,1841
0,2.252464947280746,buitenlandsche,verbindingen,1841
0,1.3950147154295245,buitenlandsche,verbinding,1841
0,1.3703194911877927,buitenlandsche,betrekking,1841
0,1.5731222896327113,buitenlandsche,betrekkingen,1841
0,1.224056917285885,buitenlandsche,verhouding,1841
0,1.1538526586126368,buitenlandsche,verhoudingen,1841
0,1.1964122730314324,buitenlandsche,afstand,1841
0,1.256391612238449,buitenland,verre,1841
0,1.9962639071890567,buitenland,verbindingen,1841
0,1.3901281036187412,buitenland,verbinding,1841
0,1.3122159704842256,buitenland,betrekking,1841
0,1.5125941395098406,buitenland,betrekkingen,1841
0,1.221051773574807,buitenland,verhouding,1841
0,0.8976516185209471,buitenland,verhoudingen,1841
0,1.200168757376669,buitenland,afstand,1841
0,1.265598677859383,buitenlandsche,verre,1842
0,2.2572833194209463,buitenlandsche,verbindingen,1842
0,1.677864904189344,buitenlandsche,verbinding,1842
0,1.267349712593087,buitenlandsche,betrekking,1842
0,1.3955807778311944,buitenlandsche,betrekkingen,1842
0,1.2663945394214866,buitenlandsche,verhouding,1842
0,1.3493608372173078,buitenlandsche,verhoudingen,1842
0,1.08554624617217,buitenlandsche,afstand,1842
0,1.3115558549516828,buitenland,verre,1842
0,2.0527774654264808,buitenland,verbindingen,1842
0,1.758537992428541,buitenland,verbinding,1842
0,1.2407794434493218,buitenland,betrekking,1842
0,1.3824697768363583,buitenland,betrekkingen,1842
0,1.3005967532823426,buitenland,verhouding,1842
0,1.2990056630501006,buitenland,verhoudingen,1842
0,1.2488558793646292,buitenland,afstand,1842
0,1.3259029340675124,buitenlandsche,verre,1843
0,1.420821187548968,buitenlandsche,verbindingen,1843
0,1.6684557588714737,buitenlandsche,verbinding,1843
0,1.382572899283039,buitenlandsche,betrekking,1843
0,1.5672589067263747,buitenlandsche,betrekkingen,1843
0,1.479049692448761,buitenlandsche,verhouding,1843
0,1.4721144819365184,buitenlandsche,verhoudingen,1843
0,1.3135756571953705,buitenlandsche,afstand,1843
0,1.394183826535885,buitenland,verre,1843
0,1.8960050028951325,buitenland,verbindingen,1843
0,1.727363550005258,buitenland,verbinding,1843
0,1.3470647896400683,buitenland,betrekking,1843
0,1.5260607161211908,buitenland,betrekkingen,1843
0,1.4157178918995892,buitenland,verhouding,1843
0,1.1363680810663541,buitenland,verhoudingen,1843
0,1.2979967839214754,buitenland,afstand,1843
0,1.359676497862137,buitenlandsche,verre,1844
0,2.434782872735074,buitenlandsche,verbindingen,1844
0,1.6059698270219736,buitenlandsche,verbinding,1844
0,1.4522532282236977,buitenlandsche,betrekking,1844
0,1.6380656872910908,buitenlandsche,betrekkingen,1844
0,1.4501148434161824,buitenlandsche,verhouding,1844
0,2.1093604723004464,buitenlandsche,verhoudingen,1844
0,1.337120702903285,buitenlandsche,afstand,1844
0,1.4393069323913463,buitenland,verre,1844
0,2.208678488011391,buitenland,verbindingen,1844
0,1.6910780121602655,buitenland,verbinding,1844
0,1.4395867874904222,buitenland,betrekking,1844
0,1.5797817686705624,buitenland,betrekkingen,1844
0,1.4669566373028888,buitenland,verhouding,1844
0,1.729105407749505,buitenland,verhoudingen,1844
0,1.4222288880415768,buitenland,afstand,1844
0,1.6252002133019636,buitenlandsche,verre,1845
0,2.302010974542215,buitenlandsche,verbindingen,1845
0,1.4649110405925019,buitenlandsche,verbinding,1845
0,1.6459870105351426,buitenlandsche,betrekking,1845
0,1.8359212446176159,buitenlandsche,betrekkingen,1845
0,1.6046658867680301,buitenlandsche,verhouding,1845
0,1.548239172165835,buitenlandsche,verhoudingen,1845
0,1.5161123438315802,buitenlandsche,afstand,1845
0,1.5926331090277874,buitenland,verre,1845
0,2.0357739059668423,buitenland,verbindingen,1845
0,1.6791742660682072,buitenland,verbinding,1845
0,1.6260164039433707,buitenland,betrekking,1845
0,1.809357029307663,buitenland,betrekkingen,1845
0,1.721670789516111,buitenland,verhouding,1845
0,1.820998604323149,buitenland,verhoudingen,1845
0,1.5341338592564673,buitenland,afstand,1845
0,1.39404118716161,buitenlandsche,verre,1846
0,2.309425711452227,buitenlandsche,verbindingen,1846
0,1.2649597861540745,buitenlandsche,verbinding,1846
0,1.470036409972327,buitenlandsche,betrekking,1846
0,1.7377998886592723,buitenlandsche,betrekkingen,1846
0,1.248304031699616,buitenlandsche,verhouding,1846
0,1.3390677583077961,buitenlandsche,verhoudingen,1846
0,1.4698220856351005,buitenlandsche,afstand,1846
0,1.3852133496672459,buitenland,verre,1846
0,2.0798727035079345,buitenland,verbindingen,1846
0,1.42363007988344,buitenland,verbinding,1846
0,1.433879360305181,buitenland,betrekking,1846
0,1.6730021137910351,buitenland,betrekkingen,1846
0,1.288414590704426,buitenland,verhouding,1846
0,1.7744910539567529,buitenland,verhoudingen,1846
0,1.4889587214327142,buitenland,afstand,1846
0,1.5207025069542204,buitenlandsche,verre,1847
0,1.5481240787356918,buitenlandsche,verbindingen,1847
0,1.4054020947320565,buitenlandsche,verbinding,1847
0,1.6787832817361188,buitenlandsche,betrekking,1847
0,1.9067755626553347,buitenlandsche,betrekkingen,1847
0,1.5523945478591443,buitenlandsche,verhouding,1847
0,1.7557634435139364,buitenlandsche,verhoudingen,1847
0,1.488874783776123,buitenlandsche,afstand,1847
0,1.489999855738639,buitenland,verre,1847
0,1.6499022493971307,buitenland,verbindingen,1847
0,1.4888311267252987,buitenland,verbinding,1847
0,1.5814555275687576,buitenland,betrekking,1847
0,1.809164268010671,buitenland,betrekkingen,1847
0,1.588421340957803,buitenland,verhouding,1847
0,1.6343980628611656,buitenland,verhoudingen,1847
0,1.4341630922571313,buitenland,afstand,1847
0,1.5683684400703648,buitenlandsche,verre,1848
0,1.2514768305224198,buitenlandsche,verbindingen,1848
0,1.5475894017032203,buitenlandsche,verbinding,1848
0,1.620179235727572,buitenlandsche,betrekking,1848
0,1.8576126340927352,buitenlandsche,betrekkingen,1848
0,1.4838735873171125,buitenlandsche,verhouding,1848
0,1.5799808974944558,buitenlandsche,verhoudingen,1848
0,1.750254115772236,buitenlandsche,afstand,1848
0,1.472616773965859,buitenland,verre,1848
0,1.2778978745213698,buitenland,verbindingen,1848
0,1.5362701177193232,buitenland,verbinding,1848
0,1.4998101513110527,buitenland,betrekking,1848
0,1.7399333341179284,buitenland,betrekkingen,1848
0,1.4280565330790904,buitenland,verhouding,1848
0,1.4886189058370223,buitenland,verhoudingen,1848
0,1.6320191058637061,buitenland,afstand,1848
0,1.5493008308527962,buitenlandsche,verre,1849
0,1.6353906337287265,buitenlandsche,verbindingen,1849
0,1.3928289965574152,buitenlandsche,verbinding,1849
0,1.5855801253966453,buitenlandsche,betrekking,1849
0,1.8545502116452062,buitenlandsche,betrekkingen,1849
0,1.5575800698391307,buitenlandsche,verhouding,1849
0,1.7145279542874503,buitenlandsche,verhoudingen,1849
0,1.5938999664988358,buitenlandsche,afstand,1849
0,1.3653872796914612,buitenland,verre,1849
0,1.173588573596409,buitenland,verbindingen,1849
0,1.2758674227168267,buitenland,verbinding,1849
0,1.4351392235366798,buitenland,betrekking,1849
0,1.6990608998277996,buitenland,betrekkingen,1849
0,1.3938228691941403,buitenland,verhouding,1849
0,1.4758694454693422,buitenland,verhoudingen,1849
0,1.4415199654547046,buitenland,afstand,1849
0,1.6290959495529402,buitenlandsche,verre,1850
0,2.3416879072210772,buitenlandsche,verbindingen,1850
0,1.4272080244712795,buitenlandsche,verbinding,1850
0,1.5867380975892096,buitenlandsche,betrekking,1850
0,1.7917773551694074,buitenlandsche,betrekkingen,1850
0,1.534352661922607,buitenlandsche,verhouding,1850
0,2.047448434223137,buitenlandsche,verhoudingen,1850
0,1.500836730710921,buitenlandsche,afstand,1850
0,1.4889303300406094,buitenland,verre,1850
0,1.9449690491659306,buitenland,verbindingen,1850
0,1.2088968238889513,buitenland,verbinding,1850
0,1.4589862138554086,buitenland,betrekking,1850
0,1.6615141649521565,buitenland,betrekkingen,1850
0,1.5084133539877351,buitenland,verhouding,1850
0,1.9502461062667742,buitenland,verhoudingen,1850
0,1.477936154581399,buitenland,afstand,1850
0,1.602019789275801,buitenlandsche,verre,1851
0,1.7774595426327995,buitenlandsche,verbindingen,1851
0,1.490464519332057,buitenlandsche,verbinding,1851
0,1.6365882330731854,buitenlandsche,betrekking,1851
0,1.761366965254287,buitenlandsche,betrekkingen,1851
0,1.4449012053327228,buitenlandsche,verhouding,1851
0,1.9316102224600578,buitenlandsche,verhoudingen,1851
0,1.5899800117985765,buitenlandsche,afstand,1851
0,1.5557469329177467,buitenland,verre,1851
0,1.5524948975313693,buitenland,verbindingen,1851
0,1.3484967938015948,buitenland,verbinding,1851
0,1.5187885582718175,buitenland,betrekking,1851
0,1.609117070407534,buitenland,betrekkingen,1851
0,1.3934302029016818,buitenland,verhouding,1851
0,1.824428613015011,buitenland,verhoudingen,1851
0,1.600749012371428,buitenland,afstand,1851
0,1.550924988362222,buitenlandsche,verre,1852
0,1.3102511076430157,buitenlandsche,verbindingen,1852
0,1.631284851249886,buitenlandsche,verbinding,1852
0,1.787871864451101,buitenlandsche,betrekking,1852
0,1.9701552115326273,buitenlandsche,betrekkingen,1852
0,1.6527414165897916,buitenlandsche,verhouding,1852
0,2.6122043203291554,buitenlandsche,verhoudingen,1852
0,1.6676231586159038,buitenlandsche,afstand,1852
0,1.4486675839733703,buitenland,verre,1852
0,1.4232693933677596,buitenland,verbindingen,1852
0,1.5025832000874852,buitenland,verbinding,1852
0,1.6155436440681579,buitenland,betrekking,1852
0,1.7897492442717817,buitenland,betrekkingen,1852
0,1.5108674526857457,buitenland,verhouding,1852
0,2.19192412643585,buitenland,verhoudingen,1852
0,1.528629909025586,buitenland,afstand,1852
0,1.7481259142058092,buitenlandsche,verre,1853
0,2.1891803114818473,buitenlandsche,verbindingen,1853
0,1.6346165702622495,buitenlandsche,verbinding,1853
0,1.8103959741155993,buitenlandsche,betrekking,1853
0,2.064388987014989,buitenlandsche,betrekkingen,1853
0,1.8491952616062808,buitenlandsche,verhouding,1853
0,1.7973579797774693,buitenlandsche,verhoudingen,1853
0,1.593262623433954,buitenlandsche,afstand,1853
0,1.613368827457434,buitenland,verre,1853
0,2.02477016734317,buitenland,verbindingen,1853
0,1.6210458446471752,buitenland,verbinding,1853
0,1.6590265089472778,buitenland,betrekking,1853
0,1.9102498021639533,buitenland,betrekkingen,1853
0,1.7549050484433701,buitenland,verhouding,1853
0,1.2762728917000599,buitenland,verhoudingen,1853
0,1.4983902756589578,buitenland,afstand,1853
0,1.6241542304178593,buitenlandsche,verre,1854
0,2.1135254938636923,buitenlandsche,verbindingen,1854
0,1.5261271030879813,buitenlandsche,verbinding,1854
0,1.7328484656161418,buitenlandsche,betrekking,1854
0,1.923229341697105,buitenlandsche,betrekkingen,1854
0,1.635702396118263,buitenlandsche,verhouding,1854
0,0.0,buitenlandsche,verhoudingen,1854
0,1.7331418988426883,buitenlandsche,afstand,1854
0,1.5137937103892296,buitenland,verre,1854
0,1.8915220635257943,buitenland,verbindingen,1854
0,1.6005984971498426,buitenland,verbinding,1854
0,1.6362856092230706,buitenland,betrekking,1854
0,1.8215246716128377,buitenland,betrekkingen,1854
0,1.5500354093324962,buitenland,verhouding,1854
0,0.0,buitenland,verhoudingen,1854
0,1.607181517524768,buitenland,afstand,1854
0,1.6559813927895761,buitenlandsche,verre,1855
0,1.6366149807330077,buitenlandsche,verbindingen,1855
0,1.554130970777103,buitenlandsche,verbinding,1855
0,1.617395709314675,buitenlandsche,betrekking,1855
0,1.7199315045732693,buitenlandsche,betrekkingen,1855
0,1.6195205473737078,buitenlandsche,verhouding,1855
0,2.0933733832287227,buitenlandsche,verhoudingen,1855
0,1.5752973402755979,buitenlandsche,afstand,1855
0,1.5749402785687852,buitenland,verre,1855
0,1.79235315517401,buitenland,verbindingen,1855
0,1.5941508349238047,buitenland,verbinding,1855
0,1.548251984690299,buitenland,betrekking,1855
0,1.6877127430865126,buitenland,betrekkingen,1855
0,1.6511560243471428,buitenland,verhouding,1855
0,1.763603741888024,buitenland,verhoudingen,1855
0,1.561339420590595,buitenland,afstand,1855
0,1.4397377839561203,buitenlandsche,verre,1856
0,1.4598595339576876,buitenlandsche,verbindingen,1856
0,1.37353145046919,buitenlandsche,verbinding,1856
0,1.5028973222647173,buitenlandsche,betrekking,1856
0,1.6666220902623974,buitenlandsche,betrekkingen,1856
0,1.3388311790346215,buitenlandsche,verhouding,1856
0,2.024173842674664,buitenlandsche,verhoudingen,1856
0,1.3028974943928828,buitenlandsche,afstand,1856
0,1.3673430963227013,buitenland,verre,1856
0,1.854556122196857,buitenland,verbindingen,1856
0,1.4930042011786204,buitenland,verbinding,1856
0,1.4346098852893145,buitenland,betrekking,1856
0,1.6196005853982538,buitenland,betrekkingen,1856
0,1.2831058766144314,buitenland,verhouding,1856
0,1.8680394725341438,buitenland,verhoudingen,1856
0,1.299257717584641,buitenland,afstand,1856
0,1.5890909274682214,buitenlandsche,verre,1857
0,1.6011403827357216,buitenlandsche,verbindingen,1857
0,1.5377185562982254,buitenlandsche,verbinding,1857
0,1.5332400095366028,buitenlandsche,betrekking,1857
0,1.704843412517084,buitenlandsche,betrekkingen,1857
0,1.2678377208757878,buitenlandsche,verhouding,1857
0,1.7978506769817757,buitenlandsche,verhoudingen,1857
0,1.6257015143196074,buitenlandsche,afstand,1857
0,1.4424531466228476,buitenland,verre,1857
0,1.7935054529606036,buitenland,verbindingen,1857
0,1.543754048331614,buitenland,verbinding,1857
0,1.4833538370612218,buitenland,betrekking,1857
0,1.6587848488769776,buitenland,betrekkingen,1857
0,1.3607320694989071,buitenland,verhouding,1857
0,1.9493937526864027,buitenland,verhoudingen,1857
0,1.5276253647259965,buitenland,afstand,1857
0,1.5242249870376887,buitenlandsche,verre,1858
0,1.6151569806017907,buitenlandsche,verbindingen,1858
0,1.5334859312188518,buitenlandsche,verbinding,1858
0,1.5712763901732854,buitenlandsche,betrekking,1858
0,1.775162723481806,buitenlandsche,betrekkingen,1858
0,1.3536020354032505,buitenlandsche,verhouding,1858
0,1.570856721705211,buitenlandsche,verhoudingen,1858
0,1.4365086691741324,buitenlandsche,afstand,1858
0,1.402268879713186,buitenland,verre,1858
0,1.4640540312291481,buitenland,verbindingen,1858
0,1.479910229402102,buitenland,verbinding,1858
0,1.4983037647463118,buitenland,betrekking,1858
0,1.7036313626180326,buitenland,betrekkingen,1858
0,1.4151480267944019,buitenland,verhouding,1858
0,1.5001753396431425,buitenland,verhoudingen,1858
0,1.387210224600097,buitenland,afstand,1858
0,1.6480198914771982,buitenlandsche,verre,1859
0,1.5533817845807407,buitenlandsche,verbindingen,1859
0,1.4175213925740178,buitenlandsche,verbinding,1859
0,1.6366430621417665,buitenlandsche,betrekking,1859
0,1.8307801903518328,buitenlandsche,betrekkingen,1859
0,1.6663669902902272,buitenlandsche,verhouding,1859
0,1.277327750124079,buitenlandsche,verhoudingen,1859
0,1.6625339727174673,buitenlandsche,afstand,1859
0,1.5499346389948676,buitenland,verre,1859
0,1.9083013045256756,buitenland,verbindingen,1859
0,1.6424320506659282,buitenland,verbinding,1859
0,1.555649460001594,buitenland,betrekking,1859
0,1.733567376189835,buitenland,betrekkingen,1859
0,1.616767326838867,buitenland,verhouding,1859
0,1.4631709400250799,buitenland,verhoudingen,1859
0,1.5547922020849085,buitenland,afstand,1859
0,1.61401975359016,buitenlandsche,verre,1860
0,1.26467562648783,buitenlandsche,verbindingen,1860
0,1.3582640655847285,buitenlandsche,verbinding,1860
0,1.6642382266081632,buitenlandsche,betrekking,1860
0,1.8141355345873824,buitenlandsche,betrekkingen,1860
0,1.544260488706992,buitenlandsche,verhouding,1860
0,1.8001938628441922,buitenlandsche,verhoudingen,1860
0,1.7360058318810214,buitenlandsche,afstand,1860
0,1.5258717149143575,buitenland,verre,1860
0,1.6644574333259157,buitenland,verbindingen,1860
0,1.520705554831884,buitenland,verbinding,1860
0,1.5298661571893497,buitenland,betrekking,1860
0,1.6778550488695196,buitenland,betrekkingen,1860
0,1.5263070948450985,buitenland,verhouding,1860
0,1.729972040436542,buitenland,verhoudingen,1860
0,1.5726614087868918,buitenland,afstand,1860
0,1.747817257907324,buitenlandsche,verre,1861
0,1.7096551847366643,buitenlandsche,verbindingen,1861
0,1.6680023666147707,buitenlandsche,verbinding,1861
0,1.7908339079166764,buitenlandsche,betrekking,1861
0,1.9714135721786537,buitenlandsche,betrekkingen,1861
0,1.7546804317823281,buitenlandsche,verhouding,1861
0,1.5144302231068019,buitenlandsche,verhoudingen,1861
0,1.7559960852000234,buitenlandsche,afstand,1861
0,1.6110288472145855,buitenland,verre,1861
0,1.6105408439515458,buitenland,verbindingen,1861
0,1.6954507491380812,buitenland,verbinding,1861
0,1.6361418680244024,buitenland,betrekking,1861
0,1.8322013384680333,buitenland,betrekkingen,1861
0,1.5936005056692126,buitenland,verhouding,1861
0,1.9855649265584745,buitenland,verhoudingen,1861
0,1.6237211507700668,buitenland,afstand,1861
0,1.6666974778413197,buitenlandsche,verre,1862
0,1.7818065596868307,buitenlandsche,verbindingen,1862
0,1.612492587056227,buitenlandsche,verbinding,1862
0,1.718852751069203,buitenlandsche,betrekking,1862
0,1.968223116256881,buitenlandsche,betrekkingen,1862
0,1.7337568620451222,buitenlandsche,verhouding,1862
0,1.642609429526631,buitenlandsche,verhoudingen,1862
0,1.6861991412274029,buitenlandsche,afstand,1862
0,1.5394583954682601,buitenland,verre,1862
0,1.7428335596122975,buitenland,verbindingen,1862
0,1.5996458915739136,buitenland,verbinding,1862
0,1.5579899333856326,buitenland,betrekking,1862
0,1.7952186946995883,buitenland,betrekkingen,1862
0,1.64811579688691,buitenland,verhouding,1862
0,1.71185001409233,buitenland,verhoudingen,1862
0,1.5594558104360698,buitenland,afstand,1862
0,1.617570143508031,buitenlandsche,verre,1863
0,1.5894207002415421,buitenlandsche,verbindingen,1863
0,1.4732278133957173,buitenlandsche,verbinding,1863
0,1.6940580924650106,buitenlandsche,betrekking,1863
0,1.95670582329229,buitenlandsche,betrekkingen,1863
0,1.6373630592719721,buitenlandsche,verhouding,1863
0,1.9074265030211204,buitenlandsche,verhoudingen,1863
0,1.6515702252158249,buitenlandsche,afstand,1863
0,1.5337824214073277,buitenland,verre,1863
0,1.5347814678552563,buitenland,verbindingen,1863
0,1.5687896886358565,buitenland,verbinding,1863
0,1.5565634944380253,buitenland,betrekking,1863
0,1.7853112746757445,buitenland,betrekkingen,1863
0,1.5567817017280043,buitenland,verhouding,1863
0,1.881774807508087,buitenland,verhoudingen,1863
0,1.5412446526536867,buitenland,afstand,1863
0,1.553679189465125,buitenlandsche,verre,1864
0,1.9496776560636524,buitenlandsche,verbindingen,1864
0,1.6002437125973805,buitenlandsche,verbinding,1864
0,1.6462042617557657,buitenlandsche,betrekking,1864
0,1.9039225086076628,buitenlandsche,betrekkingen,1864
0,1.74547338802019,buitenlandsche,verhouding,1864
0,1.8224344291563186,buitenlandsche,verhoudingen,1864
0,1.6371505823984982,buitenlandsche,afstand,1864
0,1.5073130062050972,buitenland,verre,1864
0,1.7130439921023592,buitenland,verbindingen,1864
0,1.4923072444731496,buitenland,verbinding,1864
0,1.494025854189362,buitenland,betrekking,1864
0,1.7276827593444668,buitenland,betrekkingen,1864
0,1.594580452847071,buitenland,verhouding,1864
0,1.6433706170165032,buitenland,verhoudingen,1864
0,1.524175453245785,buitenland,afstand,1864
0,1.5524820390132525,buitenlandsche,verre,1865
0,1.45133045864032,buitenlandsche,verbindingen,1865
0,1.4669081525821894,buitenlandsche,verbinding,1865
0,1.6606781335405154,buitenlandsche,betrekking,1865
0,1.9160106173810125,buitenlandsche,betrekkingen,1865
0,1.6479227904900278,buitenlandsche,verhouding,1865
0,1.5122911584300074,buitenlandsche,verhoudingen,1865
0,1.5057764774088136,buitenlandsche,afstand,1865
0,1.511918255108411,buitenland,verre,1865
0,1.5881673077152343,buitenland,verbindingen,1865
0,1.5156759831093387,buitenland,verbinding,1865
0,1.5320241495130003,buitenland,betrekking,1865
0,1.8007200688796112,buitenland,betrekkingen,1865
0,1.6431122724108043,buitenland,verhouding,1865
0,1.4897959689356655,buitenland,verhoudingen,1865
0,1.4886146338898345,buitenland,afstand,1865
0,1.5953517298918691,buitenlandsche,verre,1866
0,1.0655597118614424,buitenlandsche,verbindingen,1866
0,1.5541337529823047,buitenlandsche,verbinding,1866
0,1.6674160410431387,buitenlandsche,betrekking,1866
0,1.8915051672382517,buitenlandsche,betrekkingen,1866
0,1.7021567024265576,buitenlandsche,verhouding,1866
0,1.649666519805161,buitenlandsche,verhoudingen,1866
0,1.5807979682995834,buitenlandsche,afstand,1866
0,1.5098331960742795,buitenland,verre,1866
0,1.179430643349955,buitenland,verbindingen,1866
0,1.5580037892564889,buitenland,verbinding,1866
0,1.5118298252344327,buitenland,betrekking,1866
0,1.7121362509526363,buitenland,betrekkingen,1866
0,1.6368262044573594,buitenland,verhouding,1866
0,1.6300060586691507,buitenland,verhoudingen,1866
0,1.5607394972080704,buitenland,afstand,1866
0,1.5994976515688784,buitenlandsche,verre,1867
0,1.636710952977328,buitenlandsche,verbindingen,1867
0,1.5426383970933528,buitenlandsche,verbinding,1867
0,1.685553576556304,buitenlandsche,betrekking,1867
0,1.9436243873569963,buitenlandsche,betrekkingen,1867
0,1.6821233695179805,buitenlandsche,verhouding,1867
0,1.3277156789240006,buitenlandsche,verhoudingen,1867
0,1.633120565105407,buitenlandsche,afstand,1867
0,1.5243487022830284,buitenland,verre,1867
0,1.429303037756003,buitenland,verbindingen,1867
0,1.504385194107568,buitenland,verbinding,1867
0,1.5487918416124327,buitenland,betrekking,1867
0,1.7782821374211841,buitenland,betrekkingen,1867
0,1.6355746948245442,buitenland,verhouding,1867
0,1.379002299281204,buitenland,verhoudingen,1867
0,1.5418035656657774,buitenland,afstand,1867
0,1.5537247824070621,buitenlandsche,verre,1868
0,1.8133149231831012,buitenlandsche,verbindingen,1868
0,1.5402665423402073,buitenlandsche,verbinding,1868
0,1.6249329610295988,buitenlandsche,betrekking,1868
0,1.9484566406119663,buitenlandsche,betrekkingen,1868
0,1.7107926138171599,buitenlandsche,verhouding,1868
0,1.716572138743247,buitenlandsche,verhoudingen,1868
0,1.569968664551372,buitenlandsche,afstand,1868
0,1.4524892737303934,buitenland,verre,1868
0,1.4095894491945495,buitenland,verbindingen,1868
0,1.3792387229334055,buitenland,verbinding,1868
0,1.4525571686045828,buitenland,betrekking,1868
0,1.7095359885173496,buitenland,betrekkingen,1868
0,1.635761701134014,buitenland,verhouding,1868
0,1.6164117833794798,buitenland,verhoudingen,1868
0,1.4456553236996075,buitenland,afstand,1868
0,1.4704991427505112,buitenlandsche,verre,1869
0,1.6708019992623233,buitenlandsche,verbindingen,1869
0,1.4677111064995028,buitenlandsche,verbinding,1869
0,1.6348466302577098,buitenlandsche,betrekking,1869
0,1.9373285435475849,buitenlandsche,betrekkingen,1869
0,1.7171255628210684,buitenlandsche,verhouding,1869
0,1.5966940271086014,buitenlandsche,verhoudingen,1869
0,1.4701313038001722,buitenlandsche,afstand,1869
0,1.4741983767647528,buitenland,verre,1869
0,1.573014381580511,buitenland,verbindingen,1869
0,1.4832521741246938,buitenland,verbinding,1869
0,1.4549607478408493,buitenland,betrekking,1869
0,1.726229261690505,buitenland,betrekkingen,1869
0,1.607970980070975,buitenland,verhouding,1869
0,1.374563442856673,buitenland,verhoudingen,1869
0,1.3905889232850865,buitenland,afstand,1869
0,1.8418653176769886,buitenlandsche,verre,1870
0,1.6042819451156813,buitenlandsche,verbindingen,1870
0,1.7082849972195706,buitenlandsche,verbinding,1870
0,1.7596407994206182,buitenlandsche,betrekking,1870
0,2.060108201833251,buitenlandsche,betrekkingen,1870
0,1.786008145670578,buitenlandsche,verhouding,1870
0,1.8869906503004046,buitenlandsche,verhoudingen,1870
0,1.6597554385907105,buitenlandsche,afstand,1870
0,1.6847902657065756,buitenland,verre,1870
0,1.5087183015912757,buitenland,verbindingen,1870
0,1.5504867868233556,buitenland,verbinding,1870
0,1.5122209321424775,buitenland,betrekking,1870
0,1.734598519648181,buitenland,betrekkingen,1870
0,1.6568765989193406,buitenland,verhouding,1870
0,1.7342685929360502,buitenland,verhoudingen,1870
0,1.550267304504148,buitenland,afstand,1870
0,1.717799325123668,buitenlandsche,verre,1871
0,1.7369986861456812,buitenlandsche,verbindingen,1871
0,1.7575426185443597,buitenlandsche,verbinding,1871
0,1.815259428653558,buitenlandsche,betrekking,1871
0,2.184909828955333,buitenlandsche,betrekkingen,1871
0,1.8832711988915434,buitenlandsche,verhouding,1871
0,2.052312697259548,buitenlandsche,verhoudingen,1871
0,1.7338589661410133,buitenlandsche,afstand,1871
0,1.5866195177156857,buitenland,verre,1871
0,1.6503259908408434,buitenland,verbindingen,1871
0,1.5814376562555132,buitenland,verbinding,1871
0,1.5673450824868769,buitenland,betrekking,1871
0,1.8233503441841135,buitenland,betrekkingen,1871
0,1.7476062988064238,buitenland,verhouding,1871
0,1.7965636719107763,buitenland,verhoudingen,1871
0,1.583803512239991,buitenland,afstand,1871
0,1.8386346809884992,buitenlandsche,verre,1872
0,1.714678638406493,buitenlandsche,verbindingen,1872
0,1.6908804501070052,buitenlandsche,verbinding,1872
0,1.8115695394514146,buitenlandsche,betrekking,1872
0,2.243679655030363,buitenlandsche,betrekkingen,1872
0,1.9541874631305793,buitenlandsche,verhouding,1872
0,1.775127174292539,buitenlandsche,verhoudingen,1872
0,1.7620052141066191,buitenlandsche,afstand,1872
0,1.641122934731462,buitenland,verre,1872
0,1.5314050550223663,buitenland,verbindingen,1872
0,1.5592020818199195,buitenland,verbinding,1872
0,1.6035799736386267,buitenland,betrekking,1872
0,1.9384614279728747,buitenland,betrekkingen,1872
0,1.7657826271220647,buitenland,verhouding,1872
0,1.7302559137675315,buitenland,verhoudingen,1872
0,1.5582361405014031,buitenland,afstand,1872
0,1.7807427951325925,buitenlandsche,verre,1873
0,1.761510776942636,buitenlandsche,verbindingen,1873
0,1.751087831471628,buitenlandsche,verbinding,1873
0,2.0429850514781482,buitenlandsche,betrekking,1873
0,2.5207400455256685,buitenlandsche,betrekkingen,1873
0,2.17749394776035,buitenlandsche,verhouding,1873
0,1.7021066517441723,buitenlandsche,verhoudingen,1873
0,1.9281861454490317,buitenlandsche,afstand,1873
0,1.545039034160133,buitenland,verre,1873
0,1.4938112040781935,buitenland,verbindingen,1873
0,1.5379090974856024,buitenland,verbinding,1873
0,1.660376598087185,buitenland,betrekking,1873
0,2.0040407026402414,buitenland,betrekkingen,1873
0,1.7922012908024465,buitenland,verhouding,1873
0,1.631117373125784,buitenland,verhoudingen,1873
0,1.6225745265623401,buitenland,afstand,1873
0,1.660832002735062,buitenlandsche,verre,1874
0,1.6526688827638674,buitenlandsche,verbindingen,1874
0,1.6803766895671606,buitenlandsche,verbinding,1874
0,1.861292345197413,buitenlandsche,betrekking,1874
0,2.3204429035094387,buitenlandsche,betrekkingen,1874
0,1.989666191594571,buitenlandsche,verhouding,1874
0,2.0402962826860103,buitenlandsche,verhoudingen,1874
0,1.792877297567841,buitenlandsche,afstand,1874
0,1.5572631589924208,buitenland,verre,1874
0,1.430686625160234,buitenland,verbindingen,1874
0,1.4065034901158469,buitenland,verbinding,1874
0,1.6094006425404823,buitenland,betrekking,1874
0,1.9522027638359225,buitenland,betrekkingen,1874
0,1.7389345207049518,buitenland,verhouding,1874
0,1.9274268903587537,buitenland,verhoudingen,1874
0,1.579332905702141,buitenland,afstand,1874
0,1.6527423229332514,buitenlandsche,verre,1875
0,1.7392754386591265,buitenlandsche,verbindingen,1875
0,1.814506890870574,buitenlandsche,verbinding,1875
0,1.7640119118604831,buitenlandsche,betrekking,1875
0,2.0766768994450797,buitenlandsche,betrekkingen,1875
0,1.931536065659736,buitenlandsche,verhouding,1875
0,1.9071272896190903,buitenlandsche,verhoudingen,1875
0,1.5964869428662516,buitenlandsche,afstand,1875
0,1.4960406977132907,buitenland,verre,1875
0,1.4399072237570276,buitenland,verbindingen,1875
0,1.5487776763795142,buitenland,verbinding,1875
0,1.5398329096951564,buitenland,betrekking,1875
0,1.8245615693935264,buitenland,betrekkingen,1875
0,1.7264203890038265,buitenland,verhouding,1875
0,1.6628705461800584,buitenland,verhoudingen,1875
0,1.510929896283983,buitenland,afstand,1875
0,1.6399261604105733,buitenlandsche,verre,1876
0,1.8810182582117563,buitenlandsche,verbindingen,1876
0,1.6989099551372218,buitenlandsche,verbinding,1876
0,1.7551218784112876,buitenlandsche,betrekking,1876
0,2.08437000892295,buitenlandsche,betrekkingen,1876
0,1.9837341623170055,buitenlandsche,verhouding,1876
0,2.1031160295132363,buitenlandsche,verhoudingen,1876
0,1.5650094278453428,buitenlandsche,afstand,1876
0,1.5532634533526395,buitenland,verre,1876
0,1.5468870217125699,buitenland,verbindingen,1876
0,1.5243202471001698,buitenland,verbinding,1876
0,1.5269304035441795,buitenland,betrekking,1876
0,1.7796182679607098,buitenland,betrekkingen,1876
0,1.7595823873319398,buitenland,verhouding,1876
0,1.9192564920272115,buitenland,verhoudingen,1876
0,1.5008402315719693,buitenland,afstand,1876
0,1.642496824022972,buitenlandsche,verre,1877
0,2.0312447257011668,buitenlandsche,verbindingen,1877
0,1.8529964942948483,buitenlandsche,verbinding,1877
0,1.7864203351992434,buitenlandsche,betrekking,1877
0,2.1216113167163395,buitenlandsche,betrekkingen,1877
0,1.9444005012681314,buitenlandsche,verhouding,1877
0,1.8359581288899234,buitenlandsche,verhoudingen,1877
0,1.711687444718937,buitenlandsche,afstand,1877
0,1.5470680294383667,buitenland,verre,1877
0,1.8635487326073323,buitenland,verbindingen,1877
0,1.6616073889437257,buitenland,verbinding,1877
0,1.548630755042272,buitenland,betrekking,1877
0,1.8507310873872742,buitenland,betrekkingen,1877
0,1.7556249923832432,buitenland,verhouding,1877
0,1.5992692643091375,buitenland,verhoudingen,1877
0,1.6119865956305843,buitenland,afstand,1877
0,1.696032490726762,buitenlandsche,verre,1878
0,1.8889992726770433,buitenlandsche,verbindingen,1878
0,1.8091180414686632,buitenlandsche,verbinding,1878
0,1.8275313835332414,buitenlandsche,betrekking,1878
0,2.149298954851151,buitenlandsche,betrekkingen,1878
0,2.0918211214691,buitenlandsche,verhouding,1878
0,2.166396604515833,buitenlandsche,verhoudingen,1878
0,1.8578738171895044,buitenlandsche,afstand,1878
0,1.578020594825896,buitenland,verre,1878
0,1.676692691035394,buitenland,verbindingen,1878
0,1.5740832087494578,buitenland,verbinding,1878
0,1.5589506381457632,buitenland,betrekking,1878
0,1.808737161733389,buitenland,betrekkingen,1878
0,1.747905846059023,buitenland,verhouding,1878
0,1.8811863133952336,buitenland,verhoudingen,1878
0,1.726988513025766,buitenland,afstand,1878
0,1.836319568415558,buitenlandsche,verre,1879
0,1.8994244672249487,buitenlandsche,verbindingen,1879
0,1.8610080893612724,buitenlandsche,verbinding,1879
0,1.951306569937522,buitenlandsche,betrekking,1879
0,2.3929004526558266,buitenlandsche,betrekkingen,1879
0,2.1480922243534804,buitenlandsche,verhouding,1879
0,2.2307816031793912,buitenlandsche,verhoudingen,1879
0,1.906833352743216,buitenlandsche,afstand,1879
0,1.6484785599780132,buitenland,verre,1879
0,1.6711766604533085,buitenland,verbindingen,1879
0,1.5960271329081523,buitenland,verbinding,1879
0,1.6637165596001946,buitenland,betrekking,1879
0,2.026357337846722,buitenland,betrekkingen,1879
0,1.86454075878888,buitenland,verhouding,1879
0,1.8805268896351826,buitenland,verhoudingen,1879
0,1.6930272747860957,buitenland,afstand,1879
0,1.6531588428895359,buitenlandsche,verre,1880
0,1.9213667295791275,buitenlandsche,verbindingen,1880
0,1.7916465450565162,buitenlandsche,verbinding,1880
0,1.962539406026848,buitenlandsche,betrekking,1880
0,2.4189503801372805,buitenlandsche,betrekkingen,1880
0,2.1063423117808884,buitenlandsche,verhouding,1880
0,2.060177875590764,buitenlandsche,verhoudingen,1880
0,1.9423504024024336,buitenlandsche,afstand,1880
0,1.4944828525807528,buitenland,verre,1880
0,1.4682113789420095,buitenland,verbindingen,1880
0,1.5237487310328939,buitenland,verbinding,1880
0,1.6288364786138045,buitenland,betrekking,1880
0,2.0312822949332214,buitenland,betrekkingen,1880
0,1.79049453924968,buitenland,verhouding,1880
0,1.7872649901025284,buitenland,verhoudingen,1880
0,1.6464027863043122,buitenland,afstand,1880
0,1.679491680495984,buitenlandsche,verre,1881
0,1.8365691654087926,buitenlandsche,verbindingen,1881
0,1.7075562483960536,buitenlandsche,verbinding,1881
0,1.8678553268971472,buitenlandsche,betrekking,1881
0,2.35018416447856,buitenlandsche,betrekkingen,1881
0,1.9970807103639474,buitenlandsche,verhouding,1881
0,1.7464638632992144,buitenlandsche,verhoudingen,1881
0,1.70024435665368,buitenlandsche,afstand,1881
0,1.5719725867076555,buitenland,verre,1881
0,1.6061358988368133,buitenland,verbindingen,1881
0,1.5510161081288656,buitenland,verbinding,1881
0,1.6130326873469518,buitenland,betrekking,1881
0,2.0419519607072156,buitenland,betrekkingen,1881
0,1.828049527439409,buitenland,verhouding,1881
0,1.816957895929037,buitenland,verhoudingen,1881
0,1.5992205239171577,buitenland,afstand,1881
0,1.6123311705442671,buitenlandsche,verre,1882
0,1.9076040492646478,buitenlandsche,verbindingen,1882
0,1.8686802662062472,buitenlandsche,verbinding,1882
0,1.7451966830357395,buitenlandsche,betrekking,1882
0,2.086610671426214,buitenlandsche,betrekkingen,1882
0,1.9727900830705982,buitenlandsche,verhouding,1882
0,2.0631073269003366,buitenlandsche,verhoudingen,1882
0,1.3802879542028996,buitenlandsche,afstand,1882
0,1.5692767776547527,buitenland,verre,1882
0,1.6971750923236841,buitenland,verbindingen,1882
0,1.6545949980621728,buitenland,verbinding,1882
0,1.550091215742586,buitenland,betrekking,1882
0,1.8414761822641206,buitenland,betrekkingen,1882
0,1.7836904058950322,buitenland,verhouding,1882
0,1.811350174466527,buitenland,verhoudingen,1882
0,1.334615666161353,buitenland,afstand,1882
0,1.6543413380177001,buitenlandsche,verre,1883
0,1.9756787197087697,buitenlandsche,verbindingen,1883
0,1.8337400296527233,buitenlandsche,verbinding,1883
0,1.7906631957682952,buitenlandsche,betrekking,1883
0,2.1254037350517927,buitenlandsche,betrekkingen,1883
0,1.874562736537598,buitenlandsche,verhouding,1883
0,1.877016725499165,buitenlandsche,verhoudingen,1883
0,1.4837678454857832,buitenlandsche,afstand,1883
0,1.6028966814577519,buitenland,verre,1883
0,1.8207608065232375,buitenland,verbindingen,1883
0,1.6427053479322848,buitenland,verbinding,1883
0,1.6412997514218506,buitenland,betrekking,1883
0,1.9454382660302159,buitenland,betrekkingen,1883
0,1.7439508602857854,buitenland,verhouding,1883
0,1.8530465950612267,buitenland,verhoudingen,1883
0,1.4251210112236574,buitenland,afstand,1883
0,1.6653673022479205,buitenlandsche,verre,1884
0,1.930340007758527,buitenlandsche,verbindingen,1884
0,1.749595144143066,buitenlandsche,verbinding,1884
0,1.8133182096208116,buitenlandsche,betrekking,1884
0,2.2099703248310183,buitenlandsche,betrekkingen,1884
0,1.9151412523431066,buitenlandsche,verhouding,1884
0,1.8067141441234076,buitenlandsche,verhoudingen,1884
0,1.5948897671038358,buitenlandsche,afstand,1884
0,1.5785544530843083,buitenland,verre,1884
0,1.831400666193701,buitenland,verbindingen,1884
0,1.595471723042009,buitenland,verbinding,1884
0,1.6611808554321341,buitenland,betrekking,1884
0,2.052107343901674,buitenland,betrekkingen,1884
0,1.7479936607517472,buitenland,verhouding,1884
0,1.7281746230645076,buitenland,verhoudingen,1884
0,1.507929485890335,buitenland,afstand,1884
0,1.5601309695190109,buitenlandsche,verre,1885
0,1.6978296121118521,buitenlandsche,verbindingen,1885
0,1.7346209090142581,buitenlandsche,verbinding,1885
0,1.8071463565702874,buitenlandsche,betrekking,1885
0,2.156060740468049,buitenlandsche,betrekkingen,1885
0,1.9089585192930048,buitenlandsche,verhouding,1885
0,1.927659978547199,buitenlandsche,verhoudingen,1885
0,1.5663783808335368,buitenlandsche,afstand,1885
0,1.5162724051146081,buitenland,verre,1885
0,1.5488077901625028,buitenland,verbindingen,1885
0,1.5138343121327085,buitenland,verbinding,1885
0,1.5735032960472568,buitenland,betrekking,1885
0,1.895984422876863,buitenland,betrekkingen,1885
0,1.7419284605209897,buitenland,verhouding,1885
0,1.6974210506683716,buitenland,verhoudingen,1885
0,1.4344952745027342,buitenland,afstand,1885
0,1.5817860463949602,buitenlandsche,verre,1886
0,1.7717292341129147,buitenlandsche,verbindingen,1886
0,1.734309405855244,buitenlandsche,verbinding,1886
0,1.8058437112189565,buitenlandsche,betrekking,1886
0,2.2801772882814664,buitenlandsche,betrekkingen,1886
0,1.9246932262773138,buitenlandsche,verhouding,1886
0,1.8231134334593937,buitenlandsche,verhoudingen,1886
0,1.5521792183088354,buitenlandsche,afstand,1886
0,1.504142467237627,buitenland,verre,1886
0,1.4910471198119453,buitenland,verbindingen,1886
0,1.563031957241242,buitenland,verbinding,1886
0,1.6221774819971229,buitenland,betrekking,1886
0,2.0545446126281846,buitenland,betrekkingen,1886
0,1.7864314520181128,buitenland,verhouding,1886
0,1.7857775777901532,buitenland,verhoudingen,1886
0,1.4652836716911344,buitenland,afstand,1886
0,1.3874553742236382,buitenlandsche,verre,1887
0,1.3637439780751304,buitenlandsche,verbindingen,1887
0,1.5629171347093485,buitenlandsche,verbinding,1887
0,1.6920563353892837,buitenlandsche,betrekking,1887
0,2.106484006333936,buitenlandsche,betrekkingen,1887
0,1.9696544295318161,buitenlandsche,verhouding,1887
0,1.9719796860516494,buitenlandsche,verhoudingen,1887
0,1.4657919595599938,buitenlandsche,afstand,1887
0,1.4564695386407926,buitenland,verre,1887
0,1.4694130664463565,buitenland,verbindingen,1887
0,1.5129206562887856,buitenland,verbinding,1887
0,1.5341169159175108,buitenland,betrekking,1887
0,1.9288983700158213,buitenland,betrekkingen,1887
0,1.8006595094628957,buitenland,verhouding,1887
0,1.6738270520584413,buitenland,verhoudingen,1887
0,1.4134720941022525,buitenland,afstand,1887
0,1.626638629767113,buitenlandsche,verre,1888
0,1.4607622324779803,buitenlandsche,verbindingen,1888
0,1.6959923387279532,buitenlandsche,verbinding,1888
0,1.7492008837379551,buitenlandsche,betrekking,1888
0,2.0968470466371336,buitenlandsche,betrekkingen,1888
0,1.9755054857996497,buitenlandsche,verhouding,1888
0,1.9714089493645242,buitenlandsche,verhoudingen,1888
0,1.5465454225755675,buitenlandsche,afstand,1888
0,1.6369232880847047,buitenland,verre,1888
0,1.5065075159059713,buitenland,verbindingen,1888
0,1.6052393574029407,buitenland,verbinding,1888
0,1.5751538750362901,buitenland,betrekking,1888
0,1.951931301821298,buitenland,betrekkingen,1888
0,1.863443778197272,buitenland,verhouding,1888
0,1.8310210732352343,buitenland,verhoudingen,1888
0,1.4921204501788996,buitenland,afstand,1888
0,1.7177771708051903,buitenlandsche,verre,1889
0,1.639663817660869,buitenlandsche,verbindingen,1889
0,1.5951105169482733,buitenlandsche,verbinding,1889
0,1.7577869290951607,buitenlandsche,betrekking,1889
0,2.190983359642998,buitenlandsche,betrekkingen,1889
0,1.9421920520147513,buitenlandsche,verhouding,1889
0,1.7409752871216595,buitenlandsche,verhoudingen,1889
0,1.5266397240764027,buitenlandsche,afstand,1889
0,1.7387143965197553,buitenland,verre,1889
0,1.5661266346185054,buitenland,verbindingen,1889
0,1.5425316212684528,buitenland,verbinding,1889
0,1.5836880374076192,buitenland,betrekking,1889
0,1.952064895811594,buitenland,betrekkingen,1889
0,1.8116695799925742,buitenland,verhouding,1889
0,1.6938459962094037,buitenland,verhoudingen,1889
0,1.4680863539591973,buitenland,afstand,1889
0,1.7169673780432078,buitenlandsche,verre,1890
0,2.05557200978628,buitenlandsche,verbindingen,1890
0,1.8178834947754676,buitenlandsche,verbinding,1890
0,1.7292950198407882,buitenlandsche,betrekking,1890
0,2.038994597574711,buitenlandsche,betrekkingen,1890
0,1.9668890535925454,buitenlandsche,verhouding,1890
0,1.9715051518130182,buitenlandsche,verhoudingen,1890
0,1.609510766186162,buitenlandsche,afstand,1890
0,1.6676269270845387,buitenland,verre,1890
0,1.8214974556282728,buitenland,verbindingen,1890
0,1.6912260702787012,buitenland,verbinding,1890
0,1.590102439755638,buitenland,betrekking,1890
0,1.9453929035044157,buitenland,betrekkingen,1890
0,1.8446488354361499,buitenland,verhouding,1890
0,1.8642303052142408,buitenland,verhoudingen,1890
0,1.5918688952917486,buitenland,afstand,1890
0,1.6104357392173874,buitenlandsche,verre,1891
0,1.2401825127387114,buitenlandsche,verbindingen,1891
0,1.543520851416508,buitenlandsche,verbinding,1891
0,1.7038182021436175,buitenlandsche,betrekking,1891
0,2.186960277797393,buitenlandsche,betrekkingen,1891
0,1.9103032408599445,buitenlandsche,verhouding,1891
0,1.9580223058890283,buitenlandsche,verhoudingen,1891
0,1.4826612449190946,buitenlandsche,afstand,1891
0,1.634172418525392,buitenland,verre,1891
0,1.2258245054492467,buitenland,verbindingen,1891
0,1.3809253041128255,buitenland,verbinding,1891
0,1.5182746106006846,buitenland,betrekking,1891
0,1.981808765716611,buitenland,betrekkingen,1891
0,1.7512322112137702,buitenland,verhouding,1891
0,1.8082055041576819,buitenland,verhoudingen,1891
0,1.3850074978345224,buitenland,afstand,1891
0,1.6806040210479973,buitenlandsche,verre,1892
0,1.5020506834696292,buitenlandsche,verbindingen,1892
0,1.6390056968765818,buitenlandsche,verbinding,1892
0,1.720755743485403,buitenlandsche,betrekking,1892
0,2.25954620070788,buitenlandsche,betrekkingen,1892
0,1.8773879938593228,buitenlandsche,verhouding,1892
0,1.950000959690953,buitenlandsche,verhoudingen,1892
0,1.4937217984535944,buitenlandsche,afstand,1892
0,1.6303092564088895,buitenland,verre,1892
0,1.3034277087645592,buitenland,verbindingen,1892
0,1.4631973999376828,buitenland,verbinding,1892
0,1.5842798587825728,buitenland,betrekking,1892
0,2.059171892153606,buitenland,betrekkingen,1892
0,1.784704451045246,buitenland,verhouding,1892
0,1.8831182445743768,buitenland,verhoudingen,1892
0,1.3983350688252698,buitenland,afstand,1892
0,1.5319912893035672,buitenlandsche,verre,1893
0,1.4179915048216665,buitenlandsche,verbindingen,1893
0,1.4303157510760443,buitenlandsche,verbinding,1893
0,1.5261352965374777,buitenlandsche,betrekking,1893
0,2.0376880118770635,buitenlandsche,betrekkingen,1893
0,1.795821041599002,buitenlandsche,verhouding,1893
0,1.8279851235990243,buitenlandsche,verhoudingen,1893
0,1.4228367855904116,buitenlandsche,afstand,1893
0,1.5781818038179303,buitenland,verre,1893
0,1.3834246685962746,buitenland,verbindingen,1893
0,1.379605066479296,buitenland,verbinding,1893
0,1.415573339079712,buitenland,betrekking,1893
0,1.859237998483667,buitenland,betrekkingen,1893
0,1.7185240734337255,buitenland,verhouding,1893
0,1.8104158637422034,buitenland,verhoudingen,1893
0,1.314011136272781,buitenland,afstand,1893
0,1.514271830353977,buitenlandsche,verre,1894
0,1.3815035000960378,buitenlandsche,verbindingen,1894
0,1.587767904524423,buitenlandsche,verbinding,1894
0,1.4640295394706009,buitenlandsche,betrekking,1894
0,1.9109994660751892,buitenlandsche,betrekkingen,1894
0,1.7602250312354562,buitenlandsche,verhouding,1894
0,1.7951524750955479,buitenlandsche,verhoudingen,1894
0,1.234986021518439,buitenlandsche,afstand,1894
0,1.56292587754079,buitenland,verre,1894
0,1.3568730213449847,buitenland,verbindingen,1894
0,1.450877687655272,buitenland,verbinding,1894
0,1.3285168349340002,buitenland,betrekking,1894
0,1.7295566077620173,buitenland,betrekkingen,1894
0,1.6962017779264922,buitenland,verhouding,1894
0,1.7107628008044886,buitenland,verhoudingen,1894
0,1.2211466088437846,buitenland,afstand,1894
0,1.6789917380601829,buitenlandsche,verre,1895
0,1.6749377472775115,buitenlandsche,verbindingen,1895
0,1.7144466656774733,buitenlandsche,verbinding,1895
0,1.6750148089608943,buitenlandsche,betrekking,1895
0,2.2671798331177437,buitenlandsche,betrekkingen,1895
0,1.8697809531405563,buitenlandsche,verhouding,1895
0,1.919784308150308,buitenlandsche,verhoudingen,1895
0,1.6067131257888674,buitenlandsche,afstand,1895
0,1.6603491218548145,buitenland,verre,1895
0,1.5475269439219836,buitenland,verbindingen,1895
0,1.5430410034855702,buitenland,verbinding,1895
0,1.5000002847459517,buitenland,betrekking,1895
0,1.9977074279842817,buitenland,betrekkingen,1895
0,1.7553747886862858,buitenland,verhouding,1895
0,1.8332932257787415,buitenland,verhoudingen,1895
0,1.4794811383898465,buitenland,afstand,1895
0,1.6494932668405422,buitenlandsche,verre,1896
0,1.5813133953175764,buitenlandsche,verbindingen,1896
0,1.7612180125006787,buitenlandsche,verbinding,1896
0,1.7077834690010847,buitenlandsche,betrekking,1896
0,2.3201119326669657,buitenlandsche,betrekkingen,1896
0,1.98058451780806,buitenlandsche,verhouding,1896
0,2.1479435002486325,buitenlandsche,verhoudingen,1896
0,1.4771516774797655,buitenlandsche,afstand,1896
0,1.6088920867065772,buitenland,verre,1896
0,1.4158671466045998,buitenland,verbindingen,1896
0,1.5358341911223057,buitenland,verbinding,1896
0,1.4874326007651169,buitenland,betrekking,1896
0,2.0131534029984537,buitenland,betrekkingen,1896
0,1.769107491899963,buitenland,verhouding,1896
0,1.9601161956515318,buitenland,verhoudingen,1896
0,1.376669143765596,buitenland,afstand,1896
0,1.6322904638063338,buitenlandsche,verre,1897
0,1.5880887664048142,buitenlandsche,verbindingen,1897
0,1.7244142542307963,buitenlandsche,verbinding,1897
0,1.6790805892648588,buitenlandsche,betrekking,1897
0,2.3131901437972795,buitenlandsche,betrekkingen,1897
0,1.9213177407073347,buitenlandsche,verhouding,1897
0,1.99880793306273,buitenlandsche,verhoudingen,1897
0,1.5819335199279727,buitenlandsche,afstand,1897
0,1.5866685910569764,buitenland,verre,1897
0,1.527109238001137,buitenland,verbindingen,1897
0,1.5856490497622044,buitenland,verbinding,1897
0,1.5222192891578992,buitenland,betrekking,1897
0,2.090850098999594,buitenland,betrekkingen,1897
0,1.7663984011320637,buitenland,verhouding,1897
0,1.8852505885791457,buitenland,verhoudingen,1897
0,1.484319858344515,buitenland,afstand,1897
0,1.615977503547037,buitenlandsche,verre,1898
0,1.573921247387425,buitenlandsche,verbindingen,1898
0,1.6368649384229563,buitenlandsche,verbinding,1898
0,1.6406908425157691,buitenlandsche,betrekking,1898
0,2.158918403763508,buitenlandsche,betrekkingen,1898
0,1.951169747703215,buitenlandsche,verhouding,1898
0,1.9906503473741803,buitenlandsche,verhoudingen,1898
0,1.64561226239179,buitenlandsche,afstand,1898
0,1.5820448811613084,buitenland,verre,1898
0,1.521502208031824,buitenland,verbindingen,1898
0,1.5155738078209033,buitenland,verbinding,1898
0,1.47720048876728,buitenland,betrekking,1898
0,1.9238335318763666,buitenland,betrekkingen,1898
0,1.7552547117221606,buitenland,verhouding,1898
0,1.894766306484971,buitenland,verhoudingen,1898
0,1.5292513804060608,buitenland,afstand,1898
0,1.5812893948840652,buitenlandsche,verre,1899
0,1.8767412797429808,buitenlandsche,verbindingen,1899
0,1.7767836759497673,buitenlandsche,verbinding,1899
0,1.7264913647263798,buitenlandsche,betrekking,1899
0,2.1320335424243066,buitenlandsche,betrekkingen,1899
0,1.8955629714928464,buitenlandsche,verhouding,1899
0,2.0239773094127003,buitenlandsche,verhoudingen,1899
0,1.6038998593043774,buitenlandsche,afstand,1899
0,1.6126307342547221,buitenland,verre,1899
0,1.6834465038974085,buitenland,verbindingen,1899
0,1.6558634729220738,buitenland,verbinding,1899
0,1.5598596775081326,buitenland,betrekking,1899
0,1.927268799658493,buitenland,betrekkingen,1899
0,1.7710196195638777,buitenland,verhouding,1899
0,1.9233777524029037,buitenland,verhoudingen,1899
0,1.5209015218837019,buitenland,afstand,1899
0,1.591811191044483,buitenlandsche,verre,1900
0,1.7867115300452976,buitenlandsche,verbindingen,1900
0,1.8299581648466143,buitenlandsche,verbinding,1900
0,1.6048716934949947,buitenlandsche,betrekking,1900
0,2.073602386818391,buitenlandsche,betrekkingen,1900
0,1.745311041040763,buitenlandsche,verhouding,1900
0,1.9146172565910384,buitenlandsche,verhoudingen,1900
0,1.560581049224986,buitenlandsche,afstand,1900
0,1.6320139925840005,buitenland,verre,1900
0,1.7932172260112391,buitenland,verbindingen,1900
0,1.725226031249588,buitenland,verbinding,1900
0,1.4017362247315999,buitenland,betrekking,1900
0,1.7943829101980227,buitenland,betrekkingen,1900
0,1.6190801516832627,buitenland,verhouding,1900
0,1.7640041026370845,buitenland,verhoudingen,1900
0,1.4331141534287875,buitenland,afstand,1900
0,1.537192352009928,buitenlandsche,verre,1901
0,2.0866579064805797,buitenlandsche,verbindingen,1901
0,1.8235124967211576,buitenlandsche,verbinding,1901
0,1.755644504120824,buitenlandsche,betrekking,1901
0,2.2930584119555055,buitenlandsche,betrekkingen,1901
0,1.8404723691965514,buitenlandsche,verhouding,1901
0,1.9439168942911638,buitenlandsche,verhoudingen,1901
0,1.4573826541328718,buitenlandsche,afstand,1901
0,1.6776007457499178,buitenland,verre,1901
0,1.8388643651019543,buitenland,verbindingen,1901
0,1.6606478415669546,buitenland,verbinding,1901
0,1.545555565756634,buitenland,betrekking,1901
0,2.0391597112886197,buitenland,betrekkingen,1901
0,1.707126730729894,buitenland,verhouding,1901
0,1.8276546605497226,buitenland,verhoudingen,1901
0,1.3766819979918874,buitenland,afstand,1901
0,1.489224999572359,buitenlandsche,verre,1902
0,2.1513246098981567,buitenlandsche,verbindingen,1902
0,1.81914163361899,buitenlandsche,verbinding,1902
0,1.6473527596503952,buitenlandsche,betrekking,1902
0,2.2082943897698217,buitenlandsche,betrekkingen,1902
0,1.7818817522950978,buitenlandsche,verhouding,1902
0,2.1232794321334363,buitenlandsche,verhoudingen,1902
0,1.4926022616647416,buitenlandsche,afstand,1902
0,1.6679363639523057,buitenland,verre,1902
0,1.8029190631541516,buitenland,verbindingen,1902
0,1.5975281502450611,buitenland,verbinding,1902
0,1.509519895623025,buitenland,betrekking,1902
0,2.0299768978730004,buitenland,betrekkingen,1902
0,1.684251459772537,buitenland,verhouding,1902
0,1.9168975445202625,buitenland,verhoudingen,1902
0,1.395637582051606,buitenland,afstand,1902
0,1.5280262006066196,buitenlandsche,verre,1903
0,1.7307902156436696,buitenlandsche,verbindingen,1903
0,1.7105830309672383,buitenlandsche,verbinding,1903
0,1.651460514440261,buitenlandsche,betrekking,1903
0,2.238439663627163,buitenlandsche,betrekkingen,1903
0,1.8714520878291356,buitenlandsche,verhouding,1903
0,1.9480888933338512,buitenlandsche,verhoudingen,1903
0,1.4957501002679208,buitenlandsche,afstand,1903
0,1.570120444101999,buitenland,verre,1903
0,1.6171442143723322,buitenland,verbindingen,1903
0,1.5179156090851518,buitenland,verbinding,1903
0,1.4743227371208896,buitenland,betrekking,1903
0,1.9857491877060252,buitenland,betrekkingen,1903
0,1.7113948360311657,buitenland,verhouding,1903
0,1.7469072746396617,buitenland,verhoudingen,1903
0,1.321861121332391,buitenland,afstand,1903
0,1.7390033226896269,buitenlandsche,verre,1904
0,1.8581106670216079,buitenlandsche,verbindingen,1904
0,1.750327771947516,buitenlandsche,verbinding,1904
0,1.7324266465749043,buitenlandsche,betrekking,1904
0,2.1983140401028556,buitenlandsche,betrekkingen,1904
0,1.9240866691910914,buitenlandsche,verhouding,1904
0,2.0677891280694167,buitenlandsche,verhoudingen,1904
0,1.5399741109334848,buitenlandsche,afstand,1904
0,1.697362509754973,buitenland,verre,1904
0,1.5167649437161956,buitenland,verbindingen,1904
0,1.6149500107247126,buitenland,verbinding,1904
0,1.5539871927242501,buitenland,betrekking,1904
0,1.9934338352903818,buitenland,betrekkingen,1904
0,1.7632915251903505,buitenland,verhouding,1904
0,1.8543540829107024,buitenland,verhoudingen,1904
0,1.4307856800247103,buitenland,afstand,1904
0,1.6924901778475545,buitenlandsche,verre,1905
0,1.8388258979518668,buitenlandsche,verbindingen,1905
0,1.7299058951358275,buitenlandsche,verbinding,1905
0,1.728179702933785,buitenlandsche,betrekking,1905
0,2.36580864235561,buitenlandsche,betrekkingen,1905
0,1.9290573930558261,buitenlandsche,verhouding,1905
0,2.1012751846653894,buitenlandsche,verhoudingen,1905
0,1.536196470802093,buitenlandsche,afstand,1905
0,1.5956632454662236,buitenland,verre,1905
0,1.6415534898940882,buitenland,verbindingen,1905
0,1.598491677142266,buitenland,verbinding,1905
0,1.5035376388492343,buitenland,betrekking,1905
0,2.0468689459430105,buitenland,betrekkingen,1905
0,1.7069230259044705,buitenland,verhouding,1905
0,1.8524378592938644,buitenland,verhoudingen,1905
0,1.4983449132484852,buitenland,afstand,1905
0,1.6799557743910023,buitenlandsche,verre,1906
0,1.866426056066219,buitenlandsche,verbindingen,1906
0,1.789768578905554,buitenlandsche,verbinding,1906
0,1.8492687976829674,buitenlandsche,betrekking,1906
0,2.538596914829073,buitenlandsche,betrekkingen,1906
0,1.9144686798383665,buitenlandsche,verhouding,1906
0,1.9658482361583394,buitenlandsche,verhoudingen,1906
0,1.4775149473345788,buitenlandsche,afstand,1906
0,1.6106062932326368,buitenland,verre,1906
0,1.6312831051053094,buitenland,verbindingen,1906
0,1.6668906893648874,buitenland,verbinding,1906
0,1.631274599425642,buitenland,betrekking,1906
0,2.1964826506564115,buitenland,betrekkingen,1906
0,1.7989967311405144,buitenland,verhouding,1906
0,1.8161732818784913,buitenland,verhoudingen,1906
0,1.4184294035731018,buitenland,afstand,1906
0,1.7744317140355528,buitenlandsche,verre,1907
0,2.179445187144527,buitenlandsche,verbindingen,1907
0,1.953057380658077,buitenlandsche,verbinding,1907
0,1.9206941548179277,buitenlandsche,betrekking,1907
0,2.559647425208164,buitenlandsche,betrekkingen,1907
0,2.0205491738916104,buitenlandsche,verhouding,1907
0,2.022997980232084,buitenlandsche,verhoudingen,1907
0,1.7203706284309814,buitenlandsche,afstand,1907
0,1.6845226387825527,buitenland,verre,1907
0,1.8131094700805734,buitenland,verbindingen,1907
0,1.7251872475634966,buitenland,verbinding,1907
0,1.6578277052475296,buitenland,betrekking,1907
0,2.1845214087124525,buitenland,betrekkingen,1907
0,1.8491392859395848,buitenland,verhouding,1907
0,1.8643173234535366,buitenland,verhoudingen,1907
0,1.560481397740855,buitenland,afstand,1907
0,1.779409878263107,buitenlandsche,verre,1908
0,2.027869161605486,buitenlandsche,verbindingen,1908
0,1.801832663828013,buitenlandsche,verbinding,1908
0,1.9736873667370975,buitenlandsche,betrekking,1908
0,2.6335895470302724,buitenlandsche,betrekkingen,1908
0,2.0823402903864343,buitenlandsche,verhouding,1908
0,2.2133180765884735,buitenlandsche,verhoudingen,1908
0,1.5432879323275621,buitenlandsche,afstand,1908
0,1.6267464308639221,buitenland,verre,1908
0,1.8149393137460887,buitenland,verbindingen,1908
0,1.6309828646729236,buitenland,verbinding,1908
0,1.6362854762195174,buitenland,betrekking,1908
0,2.199548047991208,buitenland,betrekkingen,1908
0,1.8774159854220116,buitenland,verhouding,1908
0,1.9207667522362453,buitenland,verhoudingen,1908
0,1.407738603457115,buitenland,afstand,1908
0,1.637931871061025,buitenlandsche,verre,1909
0,1.9411585437107428,buitenlandsche,verbindingen,1909
0,1.6844960006963048,buitenlandsche,verbinding,1909
0,1.8678539564622598,buitenlandsche,betrekking,1909
0,2.5975653041071687,buitenlandsche,betrekkingen,1909
0,1.9562121417997576,buitenlandsche,verhouding,1909
0,1.9593559027626504,buitenlandsche,verhoudingen,1909
0,1.60501601591841,buitenlandsche,afstand,1909
0,1.4976213601110073,buitenland,verre,1909
0,1.599418332209331,buitenland,verbindingen,1909
0,1.5150277130472698,buitenland,verbinding,1909
0,1.5608007892645996,buitenland,betrekking,1909
0,2.134312492005528,buitenland,betrekkingen,1909
0,1.7550932124730079,buitenland,verhouding,1909
0,1.7689613201608883,buitenland,verhoudingen,1909
0,1.452273890732783,buitenland,afstand,1909
0,1.6687187934480938,buitenlandsche,verre,1910
0,2.1442749144127293,buitenlandsche,verbindingen,1910
0,1.7615657417439359,buitenlandsche,verbinding,1910
0,1.7969514040324013,buitenlandsche,betrekking,1910
0,2.4169725943210345,buitenlandsche,betrekkingen,1910
0,1.8633256897665187,buitenlandsche,verhouding,1910
0,1.9746353966059875,buitenlandsche,verhoudingen,1910
0,1.479041628810218,buitenlandsche,afstand,1910
0,1.6074137784670623,buitenland,verre,1910
0,1.9019725307876503,buitenland,verbindingen,1910
0,1.6600884491042809,buitenland,verbinding,1910
0,1.6276880718448603,buitenland,betrekking,1910
0,2.108288342629982,buitenland,betrekkingen,1910
0,1.7662164823110196,buitenland,verhouding,1910
0,1.8509173356703459,buitenland,verhoudingen,1910
0,1.3843721727428486,buitenland,afstand,1910
0,1.6651745794090673,buitenlandsche,verre,1911
0,1.943450232908596,buitenlandsche,verbindingen,1911
0,1.7680826091005228,buitenlandsche,verbinding,1911
0,1.831567080240057,buitenlandsche,betrekking,1911
0,2.495417635019795,buitenlandsche,betrekkingen,1911
0,2.0144226925738535,buitenlandsche,verhouding,1911
0,2.135263934081888,buitenlandsche,verhoudingen,1911
0,1.689415043555135,buitenlandsche,afstand,1911
0,1.571592003989374,buitenland,verre,1911
0,1.7707479662041767,buitenland,verbindingen,1911
0,1.6580821381876967,buitenland,verbinding,1911
0,1.6086674833611287,buitenland,betrekking,1911
0,2.1236348336311455,buitenland,betrekkingen,1911
0,1.8464532685460495,buitenland,verhouding,1911
0,1.8875627718303056,buitenland,verhoudingen,1911
0,1.528501824638721,buitenland,afstand,1911
0,1.6953604682694738,buitenlandsche,verre,1912
0,2.075708875570563,buitenlandsche,verbindingen,1912
0,1.9286918497803354,buitenlandsche,verbinding,1912
0,1.9113694210471037,buitenlandsche,betrekking,1912
0,2.636421128707725,buitenlandsche,betrekkingen,1912
0,2.006598164029641,buitenlandsche,verhouding,1912
0,2.101612499192507,buitenlandsche,verhoudingen,1912
0,1.6954423871886941,buitenlandsche,afstand,1912
0,1.5887758263293759,buitenland,verre,1912
0,1.9761492632592865,buitenland,verbindingen,1912
0,1.7873599699635492,buitenland,verbinding,1912
0,1.6862291871505235,buitenland,betrekking,1912
0,2.2423339185257016,buitenland,betrekkingen,1912
0,1.8802254422071094,buitenland,verhouding,1912
0,1.9694237933101615,buitenland,verhoudingen,1912
0,1.6190585224751652,buitenland,afstand,1912
0,1.5629820476128065,buitenlandsche,verre,1913
0,2.087497840866757,buitenlandsche,verbindingen,1913
0,1.7552825281649072,buitenlandsche,verbinding,1913
0,1.7503736429054886,buitenlandsche,betrekking,1913
0,2.3264001831514323,buitenlandsche,betrekkingen,1913
0,1.900846869178375,buitenlandsche,verhouding,1913
0,1.9281303249497836,buitenlandsche,verhoudingen,1913
0,1.754015372274277,buitenlandsche,afstand,1913
0,1.555920393549743,buitenland,verre,1913
0,1.972953681026399,buitenland,verbindingen,1913
0,1.7039467671659703,buitenland,verbinding,1913
0,1.5772611289140637,buitenland,betrekking,1913
0,2.0564500455092785,buitenland,betrekkingen,1913
0,1.8151410672281807,buitenland,verhouding,1913
0,1.7166989466562221,buitenland,verhoudingen,1913
0,1.6445607100548298,buitenland,afstand,1913
0,1.7365530832851406,buitenlandsche,verre,1914
0,2.2136247758074457,buitenlandsche,verbindingen,1914
0,1.9016325769842204,buitenlandsche,verbinding,1914
0,1.934316267674751,buitenlandsche,betrekking,1914
0,2.4596392018103312,buitenlandsche,betrekkingen,1914
0,2.02146581957135,buitenlandsche,verhouding,1914
0,2.2081322819052245,buitenlandsche,verhoudingen,1914
0,1.5822966394590139,buitenlandsche,afstand,1914
0,1.6492701061288122,buitenland,verre,1914
0,1.9204113365194238,buitenland,verbindingen,1914
0,1.7492851619349465,buitenland,verbinding,1914
0,1.7254058486859363,buitenland,betrekking,1914
0,2.1359304319896992,buitenland,betrekkingen,1914
0,1.8569483522702022,buitenland,verhouding,1914
0,1.9318353162839028,buitenland,verhoudingen,1914
0,1.5378012878950165,buitenland,afstand,1914
