1815,1816,1817,1818,1819,1820,1821,1822,1823,1824,1825,1826,1827,1828,1829,1830,1831,1832,1833,1834,1835,1836,1837,1838,1839,1840,1841,1842,1843,1844,1845,1846,1847,1848,1849,1850,1851,1852,1853,1854,1855,1856,1857,1858,1859,1860,1861,1862,1863,1864,1865,1866,1867,1868,1869,1870,1871,1872,1873,1874,1875,1876,1877,1878,1879,1880,1881,1882,1883,1884,1885,1886,1887,1888,1889,1890,1891,1892,1893,1894,1895,1896,1897,1898,1899,1900,1901,1902,1903,1904,1905,1906,1907,1908,1909,1910,1911,1912,1913,1914
berigten,effekten,bezittingen,scheepvaart,steenkolen,eene,aangelegenheden,rerigten,staatkunde,leden,graanhandel,voortbrengselen,iste,loterijen,belangen,genootschappen,politiek,gebeurtenissen,leeningen,spanje,passieve,berichten,evenarende,geestelijke,zonder,scheepvaarc,brichten,beritgten,bevigten,kalk,mededingers,reispassen,tarwe,rabbijnen,lijdingen,coupons,commissarissen,beursberigten,vlaggen,dienst,ij,berigien,buersberigten,gevangenissen,vennootschappen,neiuwstijdingen,berghten,leverde,circulatiebank,beruzen,6,ruwe,beleid,1867,ƒ7—,a°,1871,boter,kollegiën,staatsfondsen,hoogleeraren,mannenzangvereenigingen,spoorwegmarkt,handelsberichten,riet,f9—,bankbiljetten,ƒ36,f575,ƒ32,nieuwe,ƒ480,vs,portefeuille,ƒ34—,ordeteekenen,staatspapieren,staatsleeningen,vennooten,staatsfonsen,havexs,meppel,kroniek,1894,navens,nederzettingen,perpetueele,bank•,fr,illustraties,zegels,filialen,141,bankdisconto,committenten,staatsfinanciën,stad,beursnoteeringen,pariteit,vluchtelingen
zaken,ministers,ambassadeurs,beurt,linnens,mo,hoven,granen,ijzer,commercie,berigtén,ten,artikelen,britsche,vraag,iets,werving,kwestie,aangelegenbeden,bankiers,verzendingen,staatsschuld,gedisteleerd,berigtne,prijshoudende,afgunst,brigten,koffij,prijshoudend,schilders,concurrentie,beriten,aanvoeren,veiligheid,zijdingen,eijdingen,markt,tijbingen,cijdingen,herkomst,14,krijgsmagt,banknoten,8,krijgsdienst,huurlingen,zeeraart,beuszen,kwestiën,beuezen,kapitaal,beurigten,commissiën,70,zamen,tentoonstellingen,ridderorde,kalm,berigte,kwam,vaartuigen,opening,gunstig,——,toestanden,f7—,ƒ825,hoofdsteden,ƒ34,pretendenten,postbesturen,f480,ƒ25,stegen,„,ƒ——,ƒ075,staatstondsen,handelsreizigers,faillietverklaringen,hayexs,afnemers,havene,ganen,kooplust,zeehavens,sanatoria,honing,bandel,concessies,regeeringspersonen,houthandel,wisselafdeeling,landbouwscheikundigen,crisis,tuinbouwvereenigingen,aanvrage,uitgiften,koopman,studiereis
voorkomende,bieren,gezantschappen,afgezanten,potasch,»,vijanden,fondfen,ftaatkunde,gouvernementen,ambasfadeurs,zsken,geassocieerden,of,bladen,als,zendingen,regeringen,beurzen,geldleening,dan,productie,kanselarijen,zeereizen,aan,invoer,becrekkingen,zijn,garst,spoorwegactien,grondstoffen,hoofdmarkten,berigeten,berigtejn,zout,lijbingen,fondsenmarkt,staatshoofden,afkomst,werd,berigtten,1»,bestond,ƒ,birigten,gelukzoekers,aardappelen,wareu,quaestien,verkoopen,vertegenwoordiging,beuuzen,handelshuizen,750,genoteerde,ƒ650,spoorwegwaarden,meestal,collegien,aanbiedingen,professoren,politie,aangeboden,afdeelingen,voererwtei,f775,noteeren,oblig,f6—,ƒ580,ƒ550,kandij,ƒ—,425,ƒ425,hengsten,discontos,anarchisten,ƒ540,staatsleeniugen,sigaren,berchten,meel,merk,prompt,ƒ6,arbitrageurs,berichen,kredieten,vakgenooten,cubes,kronick,belichten,ontwerpen,yoererwten,persvereeniging,staatsfinanclën,reclame,ambulances,biljetten
effecten,brandewijn,handel,kantoor,akten,.,bijbelgenootschap,graan,iondsen,taken,rogge,diplomatie,.,suiker,commissién,krijg,beirekkingen,aken,hoorns,ging,kunstenaars,koopwaren,koophandel,1,efiecten,niet,berigen,hebben,was,3,ongedroogde,kolonisatie,onveranderd,a,haven,zeehaven,correspondenten,regering,legers,krijgsvolk,f,rivieren,academie,nagenoeg,verbindingen,ongefrankeerde,couranten,werklieden,kwestien,invloeden,bemgten,geschillen,correspondentiën,kunstgeleerden,regeeringen,tentoonstelling,775,voor,collegiën,bepaalde,werven,misdadigers,vrede,ronde,voererwtea,noteeringen,ƒ4b,beetwortelsuiker,brooden,ƒ640,312,ƒ450,crushed,brievenmalen,ƒ36—,generaals,telegraafverkeer,portugeesche,liepen,ƒ350,staatsleningen,schuldkas,520,firmaas,belangstelling,bank,biersoorten,eskader,bloembollenhandel,voêrerwten,japansche,••,houtwaren,perpetueel©,mijnaandeelen,hvaens,beambten,oplichters,havena,betaalmiddelen
mogendheden,mogendheid,schuld,.,markten,.,de,reis,kardinalen,uitgevers,régtbank,efïekten,.,kaken,elïekten,nieuwstijdingen,agenten,betrekking,order»,sp,laken,geldmunten,zake»,gouden,eflecten,schrijvers,huwelijken,brazilië,katoenen,aangelegenheid,4,meerendeels,gerst,administratieve,paspoort,correspondentie,mogenheden,officieren,troepen,nieuwstijngen,11,beiugten,anonieme,werkplaatsen,inrigtingen,binnenlandsche,bescherming,beukzen,zoete,kooporders,fabricaten,ingenieurs,quaestie,verkoopers,afladers,voererwten,spaanschen,1837,deed,élèves,firmas,ƒ675,artsen,archieven,tabakssoorten,ƒ46,druiven,eieren,ƒ575,geneesheeren,ƒ525,basterd,f490,wisselportefeuille,verdeeld,512,3a,eskaders,staatsleemngen,ƒ—•—,zéér,staatsfondson,bescheiden,romans,krontek,secties,noteeringeu,maatschappyen,bureaux,hevens,kamers,voörerwten,kiesrechtregelingen,ƒ610,afzet,kloosterorden,beleggingssoorten,kolonies,situatie,vorderingen
bergten,paspoorten,voorkomenat,.,schepen,.,hulp,reize,magt,za,.,eitekten,.,kliekten,hnlp,rekening,commissien,dagbladschrijvers,plaatsen,zakeo,zakea,op,.,hoogescholen,ellecten,.,rusland,mexico,overheid,beuigten,aande,meesters,crediteuren,arbeiders,gestichten,active,tijdinen,souvereinen,vlag,beringten,lettervruchten,bericten,barbaren,witte,bijna,3pc,bruine,keuring,actie,niuewstijdingen,geneeskundigen,beursnote,staatkundo,regeringsbeleid,berioten,schroefstoombootreederij,talen,650,flo,—,hoogeseholen,157,gunstiger,afdeeling,voererwte,f750,51,steen,honig,rassen,100,hield,melis,ƒ385,ƒ35—,briechten,3t,staatsiondsen,mijnacademie,aandeelen,fondson,ƒ360,rijwielen,anarchist,oesters,steenkool,regeeringscommissarissen,zaked,handelsbeweging,aanknopen,kruniek,bankvereenigmg,kunsttentoonstellingen,3y2,ambassades,handelscijfers,effectenportefeuille,heurzen,vakvereenigingen,sigaretten
zeevaart,betrekkingen,.,.,geweven,.,kooplieden,verzending,steden,.,.,fabrijken,.,passen,negotiatiën,scherpvaart,consulaten,drukpersen,voorloop,deelnemers,.,scaackunde,.,houders,koersen,.,vooral,oostenrijk,bavisten,fabrikanten,commissie,regtsgeleerden,is,corresponderende,58,57,berïgten,beursberichten,2644269,spoorwegnet,i,strijdkrachten,beurzes,industrie,vennootschap,afgevaardigden,deskundigen,graauwe,munten,vrijwilligers,mijninrigting,moeijelijkheden,telegraafkantoren,staatsschuldeischers,gedelegeerden,40,10,675,goederenloods,780,munt,afgekeurde,voererwteri,decoraties,550,ƒ44,aanbod,ƒ725,genoodigden,suikers,getuigschriften,ƒ470,gezellen,37,ƒ3b—,deputatiën,assuradeuren,staatsfoudsen,5a,eigenaars,bankinstellingen,autoriteit,verfsoorten,anthropologische,officier,persuitingen,broodmeel,aankoopén,pariteiten,adviseurs,afhangt,bibliotheek,marconikuststations,aansluiting,ansjovis,staatstinanciën,financiers,raadgevers,ambtgenooten,betalingsmiddelen
produkten,en,.,.,gist,.,tonnengeld,ziken,tijdschriften,.,.,natiën,.,staatkundige,nieuws,schuldeischers,gemeenschap,gesteldheid,wol,geleerden,.,.,.,koloniën,over,.,zakon,portugal,leverden,geen,fabrijkwaren,.,uitgestelde,eereleden,briefwisseling,brieven,bezoekers,graansoorten,berusberigten,besturen,maar,werden,ebrigten,s,vrij,courant,geldnemen,staats,circulatiebanken,bertgten,oorsprong,vijand,alliantiën,aanvallen,loterijleeningen,bezitters,aankoopen,7—,kogge,aannemers,ffecten,assuradeurs,131,inrichtingen,5—,ƒ775a92580ekweit,ambtenaren,ƒ770,eifecten,verloven,militairen,ƒ475,ƒ4—,eogge,ƒ37—,rijders,beleggingsfondsen,3vj,briquettes,grenzen,exposanten,bericliten,conserven,bankvereeniging,satires,artilleristen,handelsvrienden,alpenvereenigingen,pèrpetueele,bankvèreeniging,badplaatsen,bronnen,saldi,baken,automobilisten,akademiën,hanens,delicatessen,litteratuur,burgemeesters
eerigten,voorkomenae,.,.,consuls,.,van,belrekkingen,.,.,.,.,.,tonnegeld,orders,zakeu,handelsbetrekkingen,gezanlen,zaak,schulden,.,.,.,lijdschriften,uitgewekenen,.,.,verzamelingen,betristen,hout,gel,.,vereenigingen,geconsolideerde,fondseu,gelijk,handelsplaatsen,katholieke,hoofdofficieren,handelsverkeer,ii,1«,hoogeschool,spaansche,beter,diplomaten,geldnemers,aandeelhouders,gedenkpenningen,expeditien,prinsen,actiën,eftecten,beurze,maat,bisschoppen,waarden,aanvoer,rechtbanken,artisten,ondervond,bascules,13i,ook,agentschappen,industriëelen,binnen,binnenl,industrieelen,f550,ƒ5—,bv,87,postadministratiën,ƒ25—,5y3,clubs,3vt,buizen,korpsen,postzegels,geraffineerde,geneeskundige,dagbladcorrespondenten,verslaggevers,attachés,postbureaus,arbitragehuizen,stemmen,bruid,begrooting,chirurgen,kroneik,bank■,berichtenrubriek,boekwerken,kaas,geldmarkt,bankverg,tractaten
fondsen,zeep,.,.,gebruikers,.,.,geldleeningen,.,.,.,.,.,vonnissen,werk,zeevarenden,studenten,heeft,.,begunstigers,.,.,.,mede,vervaardigt,.,.,.,fabrijkgoederen,merken,geldelijke,.,geestelijkheid,geschriften,gevaren,nadrukkers,koopgoederen,port,kerken,kantoren,j,2aken,l,26,dito,fondeenmarkt,handelaar,actionarissen,spoorwegdiensten,groote,quaestiën,benden,expeditie,handelsverdragen,zakekn,brief,71,assurantiemaatschappijen,spoorwegondernemingen,bemoeiingen,predikanten,dameshebben,architecten,1315,althans,inrichting,f0—,rails,verbond,onderwijzers,elfecten,havana,verdeelde,375,31,departementen,dramatische,admiraals,conferentiën,medeleden,reispas,margarine,havend,eigenaren,schipper,bankaand,adressen,bankvereenig,voedingsmiddelen,composities,belanghebbenden,eikenschors,stoomvaartlijnen,collectie,bibliotheken,ervaring,schoone,uitgifte,baron,academies
oorlog,azijnen,.,.,havens,.,.,kabinetten,.,.,.,.,.,.,.,zullen,tijdingen,produccen,.,beschermers,.,.,.,werken,vorstelijke,.,.,.,in,schuldbrieven,manufacturen,.,polemiek,prinses,haver,posten,maatschappij,spiritus,kuiperijen,kunstreis,u,bankiershuizen,m,akademie,flaauw,gewesten,laarzen,bedong,tarieven,invasie,regeeringspolitiek,berichte,gasten,kerk,ƒ750,mesting,al»,consumtie,stichtingen,bleven,23,genomen,beursen,1360,be,inrigting,fabrikaat,staatsfcndsen,aand,autoriteiten,31»,bi,ƒ2b,ƒ3o—,beleggingswaarden,fokhengsten,gereformeerde,afrekeningen,daalde,otaatsfondsen,slaatsfondsen,overproductie,havent,gedaan,steun,gr,argent,bestemming,zakem,conditie,beleggingen,element,voederartikelen,eaken,blad,garens,staatsfinanolën,aankoo,congressisten,roode
producten,kroonprinsen,.,.,mededinging,.,.,pik,.,.,.,.,.,.,.,.,zouden,produkcen,.,boeken,.,.,.,zaleen,zending,.,.,.,worde,soorten,vesting,.,valt,toevoeren,kweekers,scholen,spoorwegen,candidaten,metende,loterij,f—,bavens,matig,behalve,sloten,geïllustreerde,muziekkorpsen,bemiddeling,algemeen,kolonie,runderen,betrof,graanmarkten,kerkgenootschappen,liberale,mestingerwten,arbitrage,eflectcn,tapijten,collegas,5,gingen,censuur,1380,bericht,jesuïeten,handelspolitiek,ƒ625,advocaten,beetwortelsuikerfabricage,3i2,f450,8»,380,etiquetten,f——,horloges,bretagne,ere,regimenten,gort,pera,juryleden,handelsrelatiën,wat,havnes,bankaandeelen,combinatie,.,daarvoor,beriohten,haring,0,kromek,distilleerderij,goudonttrekkingen,agent,achtereenvolgens,disconto6,tocht
staten,waren,.,.,nijverheid,.,.,te,.,.,.,.,.,.,.,.,zuken,turf,.,daarentegen,.,.,.,zeereis,zilver,.,.,.,.,vast,.,.,banken,wissels,noteringen,verkooporders,werkelijke,herdrukken,natie,packetschepen,huizen,gevolmagtigden,ondernemingen,boekweit,stoomschepen,interventie,ongeraffineerde,berihten,berigtgevers,le,vee,bezetting,handelsvaartuigen,konsuls,variëerde,oudheidskenners,comités,etlecten,voererwteu,obligatien,achter,lezers,die,1460,concurrenten,jezuïeten,regeering,41,fondssoorten,blijft,3s,verkeerde,by,3j,granon,israëlieten,komt,deputaties,geldloterij,residenten,onbewerkte,socialisten,koeken,kaassoorten,590,jams,connecties,goudschuld,.,doctoraten,bouwmaterialen,kroniëk,bankveremiging,looimiddelen,instelling,industrieën,antilisme,amateurs,dto,dingen
uitgaaf,harde,.,.,univerfiteiten,.,.,wijn,.,.,.,.,.,.,.,.,.,vraagpunten,.,diplomatische,.,.,.,zeereize,.,.,.,.,.,vraagstukken,.,.,behoefte,.,omstandigheden,verwikkelingen,.,beritten,propaganda,spoorwegennet,inzenders,it,postadministratien,diplomatieke,bajonetten,katholyken,organen,gedroogde,besigten,likenren,vraagstuk,blijven,industriëlen,lid,weren,papieren,daalden,expositie,wissel,onderdanen,bleef,loten,firma,1480,er,jezuïten,rietsuiker,41»,huiden,bvs,3v,ƒ460,f4—,3y,3i3,kostscholen,mailbooten,enkele,joden,schaars,sectie,wet,konkurrentie,margarinewetten,aaken,kanonneer,export,kartels,.,enkelvoudige,chemici,musici,betichten,relaties,iv,ir,dieven,beuren,emissies,financieele
.,dagbladen,.,.,.,.,.,wijnen,.,.,.,.,.,.,.,.,.,wetten,.,ingezetenen,.,.,.,.,.,.,.,.,.,.,.,.,beriglen,.,pers,vrachtvaart,.,beursberighten,soorlen,tot,lettervrughten,i»,berigtën,dit,beubzen,koopers,overheersching,geheel,cirkulatiebank,politick,waarvan,eu,katholijken,schuldeisehers,ƒ740,postkantoren,dames,genoten,.,overzigt,dranken,plantages,gendarmerie,18,europesche,lord,staatsfondsenmarkt,6129,inzendingen,expedities,3ys,agenturen,ƒ26,475,3y3,leveranciers,obligatiën,hooge,kaatsers,staatsfondsenmarkfc,taganrog,armeniers,marktberichten,notarieële,akte,legaties,exportzaken,maten,.,ervaringen,divisie,ordesgeestelijken,kooper,staatje,laten,kamer,diocese,beurzon,ertsen,groepen
.,efrerten,.,.,.,.,.,zikeo,.,.,.,.,.,.,.,.,.,.,.,journalen,.,.,.,.,.,.,.,.,.,.,.,.,bestellingen,.,stations,.,.,dagbladpers,stapelplaatsen,voorbeelden,beeigten,journalistiek,beursberiglen,fabrikant,bij,nieuwsbladen,redenaars,getuigen,fondsenhouders,publicisten,.,ken,kwaliteiten,spinners,bersten,pruissen,e,goevernementen,.,paarden,inschrijvers,reptielen,letteren,beurs,f5—,nationaliteit,verzekeringmaatschappijen,aansluitingen,koop,f580,3»,basterden,4—,artikel,brandstoffen,marktprijs,schippers,ig,magazijnen,staatsieeningen,grondeigenaars,berichtgevers,naven,verplichtingen,ambassade,pars,geldloterijen,natuurkundigen,.,exportfirmas,eegeeringspersonen,poorten,korniek,vofirerwten,lichamen,kellners,handslscijfers,bezoeken,exporteurs,marines
.,fabriek,.,.,.,.,.,.,.,.,.,.,.,.,.,.,.,.,.,kapitalisten,.,.,.,.,.,.,.,.,.,.,.,.,debiteur,.,.,.,.,gecons,tariven,wegen,beursnoteringen,lt,fabriekanten,ferm,componisten,nieuwslijdingen,slavenhandel,heerschappij,inmenging,wisselbrieven,.,militaire,missien,zalen,dekkingen,voeder,katholieken,heerschte,.,per,liedertafels,vogels,spoorwegfondsen,briefkaarten,industricelen,overzicht,zgn,avonturen,legatiën,instrumenten,b,basterdsuiker,81,baksteenen,hengst,ontbreekt,si3,kooplui,meubelen,staatsleeningcn,overicht,doperwtjes,oogartsen,vriend,bende,paviljoenen,geldloteryen,paragraaf,.,flauwere,examens,regelingen,monniken,zken,mousseerenden,missies,oorlogscorrespondenten,contracten,goudleening,per»
.,fabrieken,.,.,.,.,.,.,.,.,.,.,.,.,.,.,.,.,.,leening,.,.,.,.,.,.,.,.,.,.,.,.,drukwerken,.,.,.,.,jezuiten,tusschenkomst,•,commissatissen,ondergingen,fonds,gekroonde,depêches,ondersteuning,zake,inzonderheid,israëliten,zijden,.,openden,moeielijkheden,zoowel,do,war®,missie,hoofden,.,priesters,meubels,voorwerpen,variatie,hadden,invoerartikelen,producent,ƒ3o,binnenlandsch»,maikten,kolen,departement,bvi,bogge,blanke,310,paardenkoopers,solisten,medici,nijverheidsproducten,stroop,pas,flauwer,politiok,£,centra,piaster,ik,polder,.,gbanen,frankeerzegels,sl,ochtendbladen,ƒ660,octrooiwetten,natuuronderzoekers,postverzending,f600,handelschijfers,raken
.,gezanten,.,.,.,.,.,.,.,.,.,.,.,.,.,.,.,.,.,letterkunde,.,.,.,.,.,.,.,.,.,.,.,.,gedistelecrd,.,.,.,.,kandidaten,volgde,.,drukpers,ondernemers,fondsennoteringen,kas,door,schutters,.,overweldigers,missiën,.,.,order,muziekcorpsen,.,fabrikaten,warén,naar,hunne,.,roggo,postwissels,wetgeving,verwikkeling,hooger,kusten,quaesties,ƒ42,bond,offertes,postbureaux,hardrijders,f470,debiteuren,correspondenties,3i,specialiteiten,weder,melj,schuldbewijzen,universiteit,staatsfbndsen,fondsenmarkten,reporters,2s,cider,satire,intrigues,regeerende,.,geanen,fruit,soorien,rechtstoestanden,ƒ676,pianos,neutrale,staatsfinanelën,gemeenten,handelshoogescholen,wisselmarkt
.,goederen,.,.,.,.,.,.,.,.,.,.,.,.,.,.,.,.,.,maatschappijen,.,.,.,.,.,.,.,.,.,.,.,.,invloed,.,.,.,.,marktprijzen,vrouw,.,erwten,oorlogsschepen,geestelijken,koloniale,fabriekant,siaaikunde,.,redelijk,portugesche,.,.,revolutionairen,oorlogschepen,.,geleerde,ƒ6—,rente,kunst,.,ruim,staatsfondscn,ƒ7—a,willig,journalisten,landscho,questies,.,bouwstoffen,opdracht,rentesoorten,nijverheidsvoortbrengselen,mcli»,f475,hellenisten,3is,sprekers,week,reddingcorpsen,sohuld,.,staatsfondseu,havenst,staatsfondsonmarkt,behoeft,haves,vloot,klavierspelers,spek,.,gewassen,grases,technische,spoorwegbesturen,.,rogg,parlementariërs,stantsfinanciën,handeiscijfers,kringen,wissel»
.,kroonprinfen,.,.,.,.,.,.,.,.,.,.,.,.,.,.,.,.,.,met,.,.,.,.,.,.,.,.,.,.,.,.,keiken,.,.,.,.,modellen,zeelieden,.,gedistilleerd,oostenrijksche,gevraagd,kustvaart,gedrukt,verordeningen,.,seinberigten,wetgevingen,.,.,toestand,orde,.,goed,.,ridderteekenen,obligatiehouders,.,spoorwegmaatschappijen,tamelijk,.,wolmarkt,meer,product,weerberichten,.,boven,veroveringen,soort,termijnschulden,meiassen,instituten,lucifers,3vs,staatsfondsèn,zakan,reddingkorpsen,soo,.,staatslondsen,hayens,staatsondsen,bemoeiing,hypotheekbanken,werkelijkheid,kreniek,uitgaven,.,goudleeningen,hotels,theaters,visschers,.,waden,proffen,stantstinandiën,handelsbedienden,leenlng,zaken»
.,lijwaten,.,.,.,.,.,.,.,.,.,.,.,.,.,.,.,.,.,saken,.,.,.,.,.,.,.,.,.,.,.,.,koopvaarders,.,.,.,.,stelling,zoo,.,h,pressie,gewenscht,legatien,geene,vrienden,.,turksche,zak,.,.,vonnis,parlementen,.,handelaars,.,verlof,onderneming,.,vond,veehandelaars,.,.,musea,puike,zaadkoeken,.,collegaas,voererwton,staitsfondsen,vliegers,oproerstokers,juweliers,oranen,bewogen,stelsels,.,schnldeischers,staatsfonden,.,stiatsfondsenmarkt,kan,toeristen,beschavingsvormen,moeilijkheden,werkgevers,kronfek,verblijven,.,graanschepen,izaken,.,vlsschers,.,xeevaart,re»,wolimporteurs,hypotheekbank,luchtvaarders,«ken
.,likeuren,.,.,.,.,.,.,.,.,.,.,.,.,.,.,.,.,.,vaart,.,.,.,.,.,.,.,.,.,.,.,.,naamlooze,.,.,.,.,.,.,.,handelaren,rois,gezocht,lijnen,jondsen,werktuigen,.,varieerden,.,.,.,zaken—,rijst,.,heeren,.,voererwtcn,ridderorden,.,.,voterwten,.,.,poststukken,sporen,ƒ3b,.,consumenten,voorkeur,steensoort,.,schors,kantoorbedienden,rechtstudie,briquetten,vleesch,.,schukleischers,staatsleeuingen,.,vruchten,kunstwerken,wedstrijden,blauw,particulieren,zijde,materialen,vyanden,.,handelskringen,kwesties,.,wagens,.,zoken,staatsfinancien,collega,inkomende,organisaties,2
.,negotiatien,.,.,.,.,.,.,.,.,.,.,.,.,.,.,.,.,.,z,.,.,.,.,.,.,.,.,.,.,.,.,navraag,.,.,.,.,.,.,.,il,volksmenners,korrespondentiën,ontvangsten,lagere,wetenschappelijke,.,znken,.,.,.,zikeu,tabak,.,inkoopen,.,.,toonkunstenaars,.,.,.,.,.,voornamelijk,treinen,ƒ775,.,controle,vreemdelingen,uranen,.,sv,lager,steenen,geloofsgenooten,wisselkoers,.,staat3fondsen,stoomvaart,.,badplaats,natuurboter,zakendie,fders,scheikundigen,.,oerichten,ƒ485,.,industrieele,liefhebbers,.,zakenbegrooting,.,.,tiranen,confectie,kanonneerbooten,overeenkomsten,aandeden
.,nieuwspapieren,.,.,.,.,.,.,.,.,.,.,.,.,.,.,.,.,.,.,.,.,.,.,.,.,.,.,.,.,.,.,synoden,.,.,.,.,.,.,.,kapitalen,zakenen,.,orden,legermagt,zeken,.,.,.,.,.,.,w,.,inschrijvingen,.,.,universiteiten,.,.,.,.,.,werl,v,ƒ77sa9soboekweit,.,deelneming,zal,voer,.,vaster,msrkt,sy,genootschap,.,.,staatefondsen,suikerindustrie,.,bevolking,positie,aangelegenhednn,fiscale,schuldsoorten,.,oorlogsschip,ƒ510,.,industrieel©,mark,.,.,.,.,tr,consul,kunstreizen,postdienst,atudenten
.,oorlogen,.,.,.,.,.,.,.,.,.,.,.,.,.,.,.,.,.,.,.,.,.,.,.,.,.,.,.,.,.,.,varen,.,.,.,.,.,.,.,kunnen,.,.,ouders,meest,zendelingen,.,.,.,.,.,.,wegens,.,instellingen,.,.,vereeniging,.,.,.,.,.,.,vertakkingen,ƒ7—a9—boekweit,.,flauw,ƒ4o,vonden,.,verlofreis,nederlandsche,uit,klant,.,.,va,turners,.,bewoners,postpakketten,achterstaan,floot,verduurzaamde,.,ploegen,.,.,koniek,melk,.,.,.,.,vraagprgzen,exporteur,lading,scheepvaartmannen,bankvereeniyiny
.,produften,.,.,.,.,.,.,.,.,.,.,.,.,.,.,.,.,.,.,.,.,.,.,.,.,.,.,.,.,.,.,vorsten,.,.,.,.,.,.,.,li,.,.,potentaten,rei»,zomergerst,.,.,.,.,.,.,zakeii,.,juristen,.,.,.,.,.,.,.,.,.,yerkoopen,ƒ9—,.,hier,.,waa,.,ƒlbo,pruisische,waar,mijnwerkers,.,.,v«,.,.,bloemkweekers,slachtplaatsen,btaatsfondscn,gevaar,académiciens,.,reïb,.,.,noch,spelers,.,.,.,.,wetgever,gavens,leotuur,spanning,beurszen
.,reizen,.,.,.,.,.,.,.,.,.,.,.,.,.,.,.,.,.,.,.,.,.,.,.,.,.,.,.,.,.,.,weinig,.,.,.,.,.,.,.,politieke,.,.,regtbank,riviervaart,.,.,.,.,.,.,.,zij,.,leeningeu,.,.,.,.,.,.,.,.,.,zeil,.,.,i8,.,.,.,.,schaarsch,ƒ2b—,premieleeningen,.,.,wordt,.,.,bonden,stoomvaartmaatsch,confrater,gezagvoerders,aen,.,schouwburgdirecties,.,.,noteerden,universitaire,.,.,.,.,weverijen,gemeentebesturen,lettersoorten,spoorwegafdeeling,gemeenteraadsleden
.,vastgesteld,.,.,.,.,.,.,.,.,.,.,.,.,.,.,.,.,.,.,.,.,.,.,.,.,.,.,.,.,.,.,zahen,.,.,.,.,.,.,.,praelaten,.,.,sluiten,sardinische,.,.,.,.,.,.,.,.,.,ovorigens,.,.,.,.,.,.,.,.,.,ƒs—,.,.,macht,.,.,.,.,tin,ƒ32—,rechtsstudie,.,.,—¦—,.,.,congresleden,stzatsfondsen,congressen,handelskantoren,auteurs,.,schuldhouders,.,.,premieaandeelen,verbruikers,.,.,.,.,■wisselportefeuille,gesprekken,liksteenen,staatsïondsen,geurzen
.,«aken,.,.,.,.,.,.,.,.,.,.,.,.,.,.,.,.,.,.,.,.,.,.,.,.,.,.,.,.,.,.,zakcu,.,.,.,.,.,.,.,producenten,.,.,souverein,similariteit,.,.,.,.,.,.,.,.,.,speculanten,.,.,.,.,.,.,.,.,.,.,.,.,neringdoenden,.,.,.,.,verbeterden,ƒ35,sport,.,.,.,.,.,doctoren,telegraphische,dagbladenherdacht,handelsrelatie,banen,.,sier,.,.,premieloten,verlofpas,.,.,.,.,.,grossiers,machines,studeerenden,ge»
.,.,.,.,.,.,.,.,.,.,.,.,.,.,.,.,.,.,.,.,.,.,.,.,.,.,.,.,.,.,.,.,.,.,.,.,.,.,.,.,springhengsten,.,.,staatslieden,soldaten,.,.,.,.,.,.,.,.,.,telegrammen,.,.,.,.,.,.,.,.,.,.,.,.,pelgrims,.,.,.,.,visch,.,staatsfonsenmarkt,.,.,.,.,.,geldt,veekoopers,districten,hn,beetwortelen,.,tooneelisten,.,.,protectie,zit,.,.,.,.,.,iaken,padvinders,uavens,grootwaardigheidsbekleeders
.,.,.,.,.,.,.,.,.,.,.,.,.,.,.,.,.,.,.,.,.,.,.,.,.,.,.,.,.,.,.,.,.,.,.,.,.,.,.,.,vertegenwoordigers,.,.,t,stil,.,.,.,.,.,.,.,.,.,varkens,.,.,.,.,.,.,.,.,.,.,.,.,prostituees,.,.,.,.,zaden,.,sterren,.,.,.,.,.,geprepareerde,verhoudingen,dokters,indringers,betrehangen,.,turnfeesten,.,.,reassurantiecontracten,.,.,.,.,.,.,importeur,politiek»,vakscholen,havsns
.,.,.,.,.,.,.,.,.,.,.,.,.,.,.,.,.,.,.,.,.,.,.,.,.,.,.,.,.,.,.,.,.,.,.,.,.,.,.,.,zeeschepen,.,.,wisselkoersen,titels,.,.,.,.,.,.,.,.,.,vervolgde,.,.,.,.,.,.,.,.,.,.,.,.,raffinaderijen,.,.,.,.,ƒ24,.,traag,.,.,.,.,.,havonn,vleeschwaren,dt,jejja,bloem,.,ver,.,.,rijtuigmaatschappijen,.,.,.,.,.,.,klompen,redacteur,voererw,hoofdplaatsen
.,.,.,.,.,.,.,.,.,.,.,.,.,.,.,.,.,.,.,.,.,.,.,.,.,.,.,.,.,.,.,.,.,.,.,.,.,.,.,.,.,.,.,zaten,verdediging,.,.,.,.,.,.,.,.,.,vervolgden,.,.,.,.,.,.,.,.,.,.,.,.,rechtspleging,.,.,.,.,ƒ375,.,voortbrenger,.,.,.,.,.,het,wielrijders,excursie,k,concerten,.,vraagprijzen,.,.,schaaldieren,.,.,.,.,.,.,kranten,reserves,wielerbanen,industrieproducten
.,.,.,.,.,.,.,.,.,.,.,.,.,.,.,.,.,.,.,.,.,.,.,.,.,.,.,.,.,.,.,.,.,.,.,.,.,.,.,.,.,.,.,.,verkeerden,.,.,.,.,.,.,.,.,.,ƒ8,.,.,.,.,.,.,.,.,.,.,.,.,stoomvaartmaatschappijen,.,.,.,.,ƒ490,.,werf,.,.,.,.,.,jagers,wisselportefeuillo,feizen,kallen,delegatiën,.,wagnerzangers,.,.,schulld,.,.,.,.,.,.,lucht,rubriek,wisselkoer»,ld
.,.,.,.,.,.,.,.,.,.,.,.,.,.,.,.,.,.,.,.,.,.,.,.,.,.,.,.,.,.,.,.,.,.,.,.,.,.,.,.,.,.,.,.,zeer,.,.,.,.,.,.,.,.,.,ƒb—,.,.,.,.,.,.,.,.,.,.,.,.,voercrwten,.,.,.,.,.,.,ƒ42—,.,.,.,.,.,landbouwproducten,ƒ340,fondsentnarkt,koopiledea,dierentuinen,.,wonderen,.,.,spaarbanken,.,.,.,.,.,.,nederzetting,rubrieken,.,liquidatiën
.,.,.,.,.,.,.,.,.,.,.,.,.,.,.,.,.,.,.,.,.,.,.,.,.,.,.,.,.,.,.,.,.,.,.,.,.,.,.,.,.,.,.,.,.,.,.,.,.,.,.,.,.,.,.,.,.,.,.,.,.,.,.,.,.,.,.,zeevarende,.,.,.,.,.,.,ƒ4o—,.,.,.,.,.,lg,afd,geldschieters,leeniug,diplomaat,.,zakendelcassé,.,.,vertegenwoordigsters,.,.,.,.,.,.,raadslieden,sooiten,.,markthallen
.,.,.,.,.,.,.,.,.,.,.,.,.,.,.,.,.,.,.,.,.,.,.,.,.,.,.,.,.,.,.,.,.,.,.,.,.,.,.,.,.,.,.,.,.,.,.,.,.,.,.,.,.,.,.,.,.,.,.,.,.,.,.,.,.,.,.,zulks,.,.,.,.,.,.,.,.,.,.,.,.,lijsters,agitatoren,gezant,letterkundigen,documenten,.,.,.,.,vlottende,.,.,.,.,.,.,rekenlng,spionnen,.,mijen
.,.,.,.,.,.,.,.,.,.,.,.,.,.,.,.,.,.,.,.,.,.,.,.,.,.,.,.,.,.,.,.,.,.,.,.,.,.,.,.,.,.,.,.,.,.,.,.,.,.,.,.,.,.,.,.,.,.,.,.,.,.,.,.,.,.,.,.,.,.,.,.,.,.,.,.,.,.,.,.,meerondeels,aristocraat,hoorn,meelofferten,doktoren,.,.,.,.,welke,.,.,.,.,.,.,rennen,staatsflnanciën,.,mogenheid
.,.,.,.,.,.,.,.,.,.,.,.,.,.,.,.,.,.,.,.,.,.,.,.,.,.,.,.,.,.,.,.,.,.,.,.,.,.,.,.,.,.,.,.,.,.,.,.,.,.,.,.,.,.,.,.,.,.,.,.,.,.,.,.,.,.,.,.,.,.,.,.,.,.,.,.,.,.,.,.,meisjes,behoeftige,ilipo,meelsoorten,familieconnectiën,.,.,.,.,wiselkoersen,.,.,.,.,.,.,saldos,staatslinanciën,.,octrooihouders
.,.,.,.,.,.,.,.,.,.,.,.,.,.,.,.,.,.,.,.,.,.,.,.,.,.,.,.,.,.,.,.,.,.,.,.,.,.,.,.,.,.,.,.,.,.,.,.,.,.,.,.,.,.,.,.,.,.,.,.,.,.,.,.,.,.,.,.,.,.,.,.,.,.,.,.,.,.,.,.,polüieoverheden,bepaald,importeurs,middelmatigheid,fiusche,.,.,.,.,wisselportefeuüle,.,.,.,.,.,.,schapenwol,stadsfinanciën,.,petroleum
.,.,.,.,.,.,.,.,.,.,.,.,.,.,.,.,.,.,.,.,.,.,.,.,.,.,.,.,.,.,.,.,.,.,.,.,.,.,.,.,.,.,.,.,.,.,.,.,.,.,.,.,.,.,.,.,.,.,.,.,.,.,.,.,.,.,.,.,.,.,.,.,.,.,.,.,.,.,.,.,reisjes,betreft,jijriteiten,mken,garantie,.,.,.,.,zaakgelastigden,.,.,.,.,.,.,smaadartikelen,tarief,.,rechthebbenden
.,.,.,.,.,.,.,.,.,.,.,.,.,.,.,.,.,.,.,.,.,.,.,.,.,.,.,.,.,.,.,.,.,.,.,.,.,.,.,.,.,.,.,.,.,.,.,.,.,.,.,.,.,.,.,.,.,.,.,.,.,.,.,.,.,.,.,.,.,.,.,.,.,.,.,.,.,.,.,.,rijken,connectiën,koerslijsten,olie,gevolmachtigden,.,.,.,.,zamgwedstrijden,.,.,.,.,.,.,staatsfinanoiën,tolmaatregelen,.,reizigers
.,.,.,.,.,.,.,.,.,.,.,.,.,.,.,.,.,.,.,.,.,.,.,.,.,.,.,.,.,.,.,.,.,.,.,.,.,.,.,.,.,.,.,.,.,.,.,.,.,.,.,.,.,.,.,.,.,.,.,.,.,.,.,.,.,.,.,.,.,.,.,.,.,.,.,.,.,.,.,.,sfcaatsfondsenmarkt,conservatoires,meelfabrikantenhunne,orize,hielden,.,.,.,.,.,.,.,.,.,.,.,staatstinanoten,tolpolitiek,.,vocrerwten
.,.,.,.,.,.,.,.,.,.,.,.,.,.,.,.,.,.,.,.,.,.,.,.,.,.,.,.,.,.,.,.,.,.,.,.,.,.,.,.,.,.,.,.,.,.,.,.,.,.,.,.,.,.,.,.,.,.,.,.,.,.,.,.,.,.,.,.,.,.,.,.,.,.,.,.,.,.,.,.,slaatsleeningen,contract,meelfrbrikanten,peis,hoogere,.,.,.,.,.,.,.,.,.,.,.,sten,uitgever,.,wisselkoers»
.,.,.,.,.,.,.,.,.,.,.,.,.,.,.,.,.,.,.,.,.,.,.,.,.,.,.,.,.,.,.,.,.,.,.,.,.,.,.,.,.,.,.,.,.,.,.,.,.,.,.,.,.,.,.,.,.,.,.,.,.,.,.,.,.,.,.,.,.,.,.,.,.,.,.,.,.,.,.,.,st,dame,meelofferlen,politici,jhuld,.,.,.,.,.,.,.,.,.,.,.,troon,vindingen,.,wlsselkoenen
.,.,.,.,.,.,.,.,.,.,.,.,.,.,.,.,.,.,.,.,.,.,.,.,.,.,.,.,.,.,.,.,.,.,.,.,.,.,.,.,.,.,.,.,.,.,.,.,.,.,.,.,.,.,.,.,.,.,.,.,.,.,.,.,.,.,.,.,.,.,.,.,.,.,.,.,.,.,.,.,staalsfondsen,flwgerijen,melasse,post,krachten,.,.,.,.,.,.,.,.,.,.,.,vertegenwooi,wisselpolitiek,.,.
.,.,.,.,.,.,.,.,.,.,.,.,.,.,.,.,.,.,.,.,.,.,.,.,.,.,.,.,.,.,.,.,.,.,.,.,.,.,.,.,.,.,.,.,.,.,.,.,.,.,.,.,.,.,.,.,.,.,.,.,.,.,.,.,.,.,.,.,.,.,.,.,.,.,.,.,.,.,.,.,staatsfondseii,gasfabrikanten,mengsels,prijsh,leenillg,.,.,.,.,.,.,.,.,.,.,.,verzet,£aken,.,.
.,.,.,.,.,.,.,.,.,.,.,.,.,.,.,.,.,.,.,.,.,.,.,.,.,.,.,.,.,.,.,.,.,.,.,.,.,.,.,.,.,.,.,.,.,.,.,.,.,.,.,.,.,.,.,.,.,.,.,.,.,.,.,.,.,.,.,.,.,.,.,.,.,.,.,.,.,.,.,.,staatsie,geldinstituten,metselaars,roeiers,legatie,.,.,.,.,.,.,.,.,.,.,.,vloeistoffen,.,.,.
.,.,.,.,.,.,.,.,.,.,.,.,.,.,.,.,.,.,.,.,.,.,.,.,.,.,.,.,.,.,.,.,.,.,.,.,.,.,.,.,.,.,.,.,.,.,.,.,.,.,.,.,.,.,.,.,.,.,.,.,.,.,.,.,.,.,.,.,.,.,.,.,.,.,.,.,.,.,.,.,staatslceningen,geldmarkten,minder,roggge,levensverzekeringsmaatschappijen,.,.,.,.,.,.,.,.,.,.,.,waaiden,.,.,.
.,.,.,.,.,.,.,.,.,.,.,.,.,.,.,.,.,.,.,.,.,.,.,.,.,.,.,.,.,.,.,.,.,.,.,.,.,.,.,.,.,.,.,.,.,.,.,.,.,.,.,.,.,.,.,.,.,.,.,.,.,.,.,.,.,.,.,.,.,.,.,.,.,.,.,.,.,.,.,.,staatsondsenmarkt,handen,modetijdschriften,secrataris,literatuur,.,.,.,.,.,.,.,.,.,.,.,wedrennen,.,.,.
.,.,.,.,.,.,.,.,.,.,.,.,.,.,.,.,.,.,.,.,.,.,.,.,.,.,.,.,.,.,.,.,.,.,.,.,.,.,.,.,.,.,.,.,.,.,.,.,.,.,.,.,.,.,.,.,.,.,.,.,.,.,.,.,.,.,.,.,.,.,.,.,.,.,.,.,.,.,.,.,statistieken,heerscht,noteeriugen,sfaatsfoudsea,lusteloos,.,.,.,.,.,.,.,.,.,.,.,zeepsoorten,.,.,.
.,.,.,.,.,.,.,.,.,.,.,.,.,.,.,.,.,.,.,.,.,.,.,.,.,.,.,.,.,.,.,.,.,.,.,.,.,.,.,.,.,.,.,.,.,.,.,.,.,.,.,.,.,.,.,.,.,.,.,.,.,.,.,.,.,.,.,.,.,.,.,.,.,.,.,.,.,.,.,.,sta»,iaeekj,obligatiehou•l,slaalfondsen,men,.,.,.,.,.,.,.,.,.,.,.,.,.,.,.
.,.,.,.,.,.,.,.,.,.,.,.,.,.,.,.,.,.,.,.,.,.,.,.,.,.,.,.,.,.,.,.,.,.,.,.,.,.,.,.,.,.,.,.,.,.,.,.,.,.,.,.,.,.,.,.,.,.,.,.,.,.,.,.,.,.,.,.,.,.,.,.,.,.,.,.,.,.,.,.,stuatsfondsenmarkt,illustratiekunst,obligatieschuld,slaatsiondseu,mogend,.,.,.,.,.,.,.,.,.,.,.,.,.,.,.
.,.,.,.,.,.,.,.,.,.,.,.,.,.,.,.,.,.,.,.,.,.,.,.,.,.,.,.,.,.,.,.,.,.,.,.,.,.,.,.,.,.,.,.,.,.,.,.,.,.,.,.,.,.,.,.,.,.,.,.,.,.,.,.,.,.,.,.,.,.,.,.,.,.,.,.,.,.,.,.,stuatsleeningen,instructeurs,overheercehing,slaatslonjseu,molens,.,.,.,.,.,.,.,.,.,.,.,.,.,.,.
.,.,.,.,.,.,.,.,.,.,.,.,.,.,.,.,.,.,.,.,.,.,.,.,.,.,.,.,.,.,.,.,.,.,.,.,.,.,.,.,.,.,.,.,.,.,.,.,.,.,.,.,.,.,.,.,.,.,.,.,.,.,.,.,.,.,.,.,.,.,.,.,.,.,.,.,.,.,.,.,syndicaten,je,pcte,slaaulondsei»,nn,.,.,.,.,.,.,.,.,.,.,.,.,.,.,.
.,.,.,.,.,.,.,.,.,.,.,.,.,.,.,.,.,.,.,.,.,.,.,.,.,.,.,.,.,.,.,.,.,.,.,.,.,.,.,.,.,.,.,.,.,.,.,.,.,.,.,.,.,.,.,.,.,.,.,.,.,.,.,.,.,.,.,.,.,.,.,.,.,.,.,.,.,.,.,.,vakbladen,kaart,philatelist,sleden,noleeringen,.,.,.,.,.,.,.,.,.,.,.,.,.,.,.
.,.,.,.,.,.,.,.,.,.,.,.,.,.,.,.,.,.,.,.,.,.,.,.,.,.,.,.,.,.,.,.,.,.,.,.,.,.,.,.,.,.,.,.,.,.,.,.,.,.,.,.,.,.,.,.,.,.,.,.,.,.,.,.,.,.,.,.,.,.,.,.,.,.,.,.,.,.,.,.,vet,kamervogels,pol1,staatsfoidsen,noteeringeh,.,.,.,.,.,.,.,.,.,.,.,.,.,.,.
.,.,.,.,.,.,.,.,.,.,.,.,.,.,.,.,.,.,.,.,.,.,.,.,.,.,.,.,.,.,.,.,.,.,.,.,.,.,.,.,.,.,.,.,.,.,.,.,.,.,.,.,.,.,.,.,.,.,.,.,.,.,.,.,.,.,.,.,.,.,.,.,.,.,.,.,.,.,.,.,vrouwen,kanonnenfabriek,postzegelhandelaars,staatsfomlseu,obligaliën,.,.,.,.,.,.,.,.,.,.,.,.,.,.,.
.,.,.,.,.,.,.,.,.,.,.,.,.,.,.,.,.,.,.,.,.,.,.,.,.,.,.,.,.,.,.,.,.,.,.,.,.,.,.,.,.,.,.,.,.,.,.,.,.,.,.,.,.,.,.,.,.,.,.,.,.,.,.,.,.,.,.,.,.,.,.,.,.,.,.,.,.,.,.,.,wachtschepen,lets,prins,staatsfondsea,offerten,.,.,.,.,.,.,.,.,.,.,.,.,.,.,.
.,.,.,.,.,.,.,.,.,.,.,.,.,.,.,.,.,.,.,.,.,.,.,.,.,.,.,.,.,.,.,.,.,.,.,.,.,.,.,.,.,.,.,.,.,.,.,.,.,.,.,.,.,.,.,.,.,.,.,.,.,.,.,.,.,.,.,.,.,.,.,.,.,.,.,.,.,.,.,.,worstelaars,lonmouter,publieke,staatsfondsuii,onderscheidingen,.,.,.,.,.,.,.,.,.,.,.,.,.,.,.
.,.,.,.,.,.,.,.,.,.,.,.,.,.,.,.,.,.,.,.,.,.,.,.,.,.,.,.,.,.,.,.,.,.,.,.,.,.,.,.,.,.,.,.,.,.,.,.,.,.,.,.,.,.,.,.,.,.,.,.,.,.,.,.,.,.,.,.,.,.,.,.,.,.,.,.,.,.,.,.,«,miss»,relatiën,staatsfoudsenmarkt,pandbrieven,.,.,.,.,.,.,.,.,.,.,.,.,.,.,.
.,.,.,.,.,.,.,.,.,.,.,.,.,.,.,.,.,.,.,.,.,.,.,.,.,.,.,.,.,.,.,.,.,.,.,.,.,.,.,.,.,.,.,.,.,.,.,.,.,.,.,.,.,.,.,.,.,.,.,.,.,.,.,.,.,.,.,.,.,.,.,.,.,.,.,.,.,.,.,.,ƒ2850,muziekgezelschappen,roerende,staatsioudsen,partijgenooten,.,.,.,.,.,.,.,.,.,.,.,.,.,.,.
.,.,.,.,.,.,.,.,.,.,.,.,.,.,.,.,.,.,.,.,.,.,.,.,.,.,.,.,.,.,.,.,.,.,.,.,.,.,.,.,.,.,.,.,.,.,.,.,.,.,.,.,.,.,.,.,.,.,.,.,.,.,.,.,.,.,.,.,.,.,.,.,.,.,.,.,.,.,.,.,aangever,natuurlijk,schermers,taatsfondsen,postadmimstratiën,.,.,.,.,.,.,.,.,.,.,.,.,.,.,.
.,.,.,.,.,.,.,.,.,.,.,.,.,.,.,.,.,.,.,.,.,.,.,.,.,.,.,.,.,.,.,.,.,.,.,.,.,.,.,.,.,.,.,.,.,.,.,.,.,.,.,.,.,.,.,.,.,.,.,.,.,.,.,.,.,.,.,.,.,.,.,.,.,.,.,.,.,.,.,.,achterstaande,noteering,schermmeesters,teekenaars,quitanties,.,.,.,.,.,.,.,.,.,.,.,.,.,.,.
.,.,.,.,.,.,.,.,.,.,.,.,.,.,.,.,.,.,.,.,.,.,.,.,.,.,.,.,.,.,.,.,.,.,.,.,.,.,.,.,.,.,.,.,.,.,.,.,.,.,.,.,.,.,.,.,.,.,.,.,.,.,.,.,.,.,.,.,.,.,.,.,.,.,.,.,.,.,.,.,agitatie,periodieken,school,tuin,reederijen,.,.,.,.,.,.,.,.,.,.,.,.,.,.,.
.,.,.,.,.,.,.,.,.,.,.,.,.,.,.,.,.,.,.,.,.,.,.,.,.,.,.,.,.,.,.,.,.,.,.,.,.,.,.,.,.,.,.,.,.,.,.,.,.,.,.,.,.,.,.,.,.,.,.,.,.,.,.,.,.,.,.,.,.,.,.,.,.,.,.,.,.,.,.,.,alleen,po,schuldva,tylcassé,reizigersjie,.,.,.,.,.,.,.,.,.,.,.,.,.,.,.
.,.,.,.,.,.,.,.,.,.,.,.,.,.,.,.,.,.,.,.,.,.,.,.,.,.,.,.,.,.,.,.,.,.,.,.,.,.,.,.,.,.,.,.,.,.,.,.,.,.,.,.,.,.,.,.,.,.,.,.,.,.,.,.,.,.,.,.,.,.,.,.,.,.,.,.,.,.,.,.,arbeidersverecnigingen,poh,secretaris,uitvoerpremie,renners,.,.,.,.,.,.,.,.,.,.,.,.,.,.,.
.,.,.,.,.,.,.,.,.,.,.,.,.,.,.,.,.,.,.,.,.,.,.,.,.,.,.,.,.,.,.,.,.,.,.,.,.,.,.,.,.,.,.,.,.,.,.,.,.,.,.,.,.,.,.,.,.,.,.,.,.,.,.,.,.,.,.,.,.,.,.,.,.,.,.,.,.,.,.,.,bandelaars,pol,sehuldeischers,vaste,schadelijke,.,.,.,.,.,.,.,.,.,.,.,.,.,.,.
.,.,.,.,.,.,.,.,.,.,.,.,.,.,.,.,.,.,.,.,.,.,.,.,.,.,.,.,.,.,.,.,.,.,.,.,.,.,.,.,.,.,.,.,.,.,.,.,.,.,.,.,.,.,.,.,.,.,.,.,.,.,.,.,.,.,.,.,.,.,.,.,.,.,.,.,.,.,.,.,bankiersliuizen,politiek—een,slaadstondsen,verkeersmiddelen,schipperij,.,.,.,.,.,.,.,.,.,.,.,.,.,.,.
.,.,.,.,.,.,.,.,.,.,.,.,.,.,.,.,.,.,.,.,.,.,.,.,.,.,.,.,.,.,.,.,.,.,.,.,.,.,.,.,.,.,.,.,.,.,.,.,.,.,.,.,.,.,.,.,.,.,.,.,.,.,.,.,.,.,.,.,.,.,.,.,.,.,.,.,.,.,.,.,baukiershuizen,postzegelbladen,slaasfondsen,weifelend,schoenmakers,.,.,.,.,.,.,.,.,.,.,.,.,.,.,.
.,.,.,.,.,.,.,.,.,.,.,.,.,.,.,.,.,.,.,.,.,.,.,.,.,.,.,.,.,.,.,.,.,.,.,.,.,.,.,.,.,.,.,.,.,.,.,.,.,.,.,.,.,.,.,.,.,.,.,.,.,.,.,.,.,.,.,.,.,.,.,.,.,.,.,.,.,.,.,.,behooren,rechtsgeleerden,sleutels,wilden,sfaatsfoudsen,.,.,.,.,.,.,.,.,.,.,.,.,.,.,.
.,.,.,.,.,.,.,.,.,.,.,.,.,.,.,.,.,.,.,.,.,.,.,.,.,.,.,.,.,.,.,.,.,.,.,.,.,.,.,.,.,.,.,.,.,.,.,.,.,.,.,.,.,.,.,.,.,.,.,.,.,.,.,.,.,.,.,.,.,.,.,.,.,.,.,.,.,.,.,.,bibliografie,reeders,spoorwegdirectie,zaien,slaalsfondsen,.,.,.,.,.,.,.,.,.,.,.,.,.,.,.
.,.,.,.,.,.,.,.,.,.,.,.,.,.,.,.,.,.,.,.,.,.,.,.,.,.,.,.,.,.,.,.,.,.,.,.,.,.,.,.,.,.,.,.,.,.,.,.,.,.,.,.,.,.,.,.,.,.,.,.,.,.,.,.,.,.,.,.,.,.,.,.,.,.,.,.,.,.,.,.,briefkaart,riken,staatafondsen,zakendien,slechts,.,.,.,.,.,.,.,.,.,.,.,.,.,.,.
.,.,.,.,.,.,.,.,.,.,.,.,.,.,.,.,.,.,.,.,.,.,.,.,.,.,.,.,.,.,.,.,.,.,.,.,.,.,.,.,.,.,.,.,.,.,.,.,.,.,.,.,.,.,.,.,.,.,.,.,.,.,.,.,.,.,.,.,.,.,.,.,.,.,.,.,.,.,.,.,btaatsleeniugen,saatsfoausen,staatsfonds,zakj,speculatie,.,.,.,.,.,.,.,.,.,.,.,.,.,.,.
.,.,.,.,.,.,.,.,.,.,.,.,.,.,.,.,.,.,.,.,.,.,.,.,.,.,.,.,.,.,.,.,.,.,.,.,.,.,.,.,.,.,.,.,.,.,.,.,.,.,.,.,.,.,.,.,.,.,.,.,.,.,.,.,.,.,.,.,.,.,.,.,.,.,.,.,.,.,.,.,een,saatsfondsenmarkt,staatsfondscnmarkt,zakkenrollers,staal,.,.,.,.,.,.,.,.,.,.,.,.,.,.,.
.,.,.,.,.,.,.,.,.,.,.,.,.,.,.,.,.,.,.,.,.,.,.,.,.,.,.,.,.,.,.,.,.,.,.,.,.,.,.,.,.,.,.,.,.,.,.,.,.,.,.,.,.,.,.,.,.,.,.,.,.,.,.,.,.,.,.,.,.,.,.,.,.,.,.,.,.,.,.,.,expediteurs,schoonklinkende,staatsfor„w„,zusters,staalsfondseu,.,.,.,.,.,.,.,.,.,.,.,.,.,.,.
.,.,.,.,.,.,.,.,.,.,.,.,.,.,.,.,.,.,.,.,.,.,.,.,.,.,.,.,.,.,.,.,.,.,.,.,.,.,.,.,.,.,.,.,.,.,.,.,.,.,.,.,.,.,.,.,.,.,.,.,.,.,.,.,.,.,.,.,.,.,.,.,.,.,.,.,.,.,.,.,faken,sehuldei,stiller,ïvarie,staalsfoudsen,.,.,.,.,.,.,.,.,.,.,.,.,.,.,.
.,.,.,.,.,.,.,.,.,.,.,.,.,.,.,.,.,.,.,.,.,.,.,.,.,.,.,.,.,.,.,.,.,.,.,.,.,.,.,.,.,.,.,.,.,.,.,.,.,.,.,.,.,.,.,.,.,.,.,.,.,.,.,.,.,.,.,.,.,.,.,.,.,.,.,.,.,.,.,.,families,sfaatsleeningen,titaatsfondsen,•■v,staatsfondsenmarkl,.,.,.,.,.,.,.,.,.,.,.,.,.,.,.
.,.,.,.,.,.,.,.,.,.,.,.,.,.,.,.,.,.,.,.,.,.,.,.,.,.,.,.,.,.,.,.,.,.,.,.,.,.,.,.,.,.,.,.,.,.,.,.,.,.,.,.,.,.,.,.,.,.,.,.,.,.,.,.,.,.,.,.,.,.,.,.,.,.,.,.,.,.,.,.,flesschentrekkers,slaafsfondsén,vaat,■,staatsfortdsen,.,.,.,.,.,.,.,.,.,.,.,.,.,.,.
.,.,.,.,.,.,.,.,.,.,.,.,.,.,.,.,.,.,.,.,.,.,.,.,.,.,.,.,.,.,.,.,.,.,.,.,.,.,.,.,.,.,.,.,.,.,.,.,.,.,.,.,.,.,.,.,.,.,.,.,.,.,.,.,.,.,.,.,.,.,.,.,.,.,.,.,.,.,.,.,geani1,slaalsleeningen,veel,.,staatsfotidsen,.,.,.,.,.,.,.,.,.,.,.,.,.,.,.
.,.,.,.,.,.,.,.,.,.,.,.,.,.,.,.,.,.,.,.,.,.,.,.,.,.,.,.,.,.,.,.,.,.,.,.,.,.,.,.,.,.,.,.,.,.,.,.,.,.,.,.,.,.,.,.,.,.,.,.,.,.,.,.,.,.,.,.,.,.,.,.,.,.,.,.,.,.,.,.,geworden,spoorwegaangelegenheden,vischmarkten,.,staatsfoudseu,.,.,.,.,.,.,.,.,.,.,.,.,.,.,.
.,.,.,.,.,.,.,.,.,.,.,.,.,.,.,.,.,.,.,.,.,.,.,.,.,.,.,.,.,.,.,.,.,.,.,.,.,.,.,.,.,.,.,.,.,.,.,.,.,.,.,.,.,.,.,.,.,.,.,.,.,.,.,.,.,.,.,.,.,.,.,.,.,.,.,.,.,.,.,.,gezelschappen,staatsfoiidsen,volken,.,ster,.,.,.,.,.,.,.,.,.,.,.,.,.,.,.
.,.,.,.,.,.,.,.,.,.,.,.,.,.,.,.,.,.,.,.,.,.,.,.,.,.,.,.,.,.,.,.,.,.,.,.,.,.,.,.,.,.,.,.,.,.,.,.,.,.,.,.,.,.,.,.,.,.,.,.,.,.,.,.,.,.,.,.,.,.,.,.,.,.,.,.,.,.,.,.,gistimporteurs,stalen,voorwendsels,.,stroomen,.,.,.,.,.,.,.,.,.,.,.,.,.,.,.
.,.,.,.,.,.,.,.,.,.,.,.,.,.,.,.,.,.,.,.,.,.,.,.,.,.,.,.,.,.,.,.,.,.,.,.,.,.,.,.,.,.,.,.,.,.,.,.,.,.,.,.,.,.,.,.,.,.,.,.,.,.,.,.,.,.,.,.,.,.,.,.,.,.,.,.,.,.,.,.,gymnasten,stemming,vrije,.,syndicaat,.,.,.,.,.,.,.,.,.,.,.,.,.,.,.
.,.,.,.,.,.,.,.,.,.,.,.,.,.,.,.,.,.,.,.,.,.,.,.,.,.,.,.,.,.,.,.,.,.,.,.,.,.,.,.,.,.,.,.,.,.,.,.,.,.,.,.,.,.,.,.,.,.,.,.,.,.,.,.,.,.,.,.,.,.,.,.,.,.,.,.,.,.,.,.,heizen,stijatsieeniugen,wateren,.,tarwenoteeringen,.,.,.,.,.,.,.,.,.,.,.,.,.,.,.
.,.,.,.,.,.,.,.,.,.,.,.,.,.,.,.,.,.,.,.,.,.,.,.,.,.,.,.,.,.,.,.,.,.,.,.,.,.,.,.,.,.,.,.,.,.,.,.,.,.,.,.,.,.,.,.,.,.,.,.,.,.,.,.,.,.,.,.,.,.,.,.,.,.,.,.,.,.,.,.,koffie,takeu,weife,.,telegram,.,.,.,.,.,.,.,.,.,.,.,.,.,.,.
.,.,.,.,.,.,.,.,.,.,.,.,.,.,.,.,.,.,.,.,.,.,.,.,.,.,.,.,.,.,.,.,.,.,.,.,.,.,.,.,.,.,.,.,.,.,.,.,.,.,.,.,.,.,.,.,.,.,.,.,.,.,.,.,.,.,.,.,.,.,.,.,.,.,.,.,.,.,.,.,konden,tarweofferten,xaken,.,toerbonden,.,.,.,.,.,.,.,.,.,.,.,.,.,.,.
.,.,.,.,.,.,.,.,.,.,.,.,.,.,.,.,.,.,.,.,.,.,.,.,.,.,.,.,.,.,.,.,.,.,.,.,.,.,.,.,.,.,.,.,.,.,.,.,.,.,.,.,.,.,.,.,.,.,.,.,.,.,.,.,.,.,.,.,.,.,.,.,.,.,.,.,.,.,.,.,koren,toes,y,.,traas,.,.,.,.,.,.,.,.,.,.,.,.,.,.,.
.,.,.,.,.,.,.,.,.,.,.,.,.,.,.,.,.,.,.,.,.,.,.,.,.,.,.,.,.,.,.,.,.,.,.,.,.,.,.,.,.,.,.,.,.,.,.,.,.,.,.,.,.,.,.,.,.,.,.,.,.,.,.,.,.,.,.,.,.,.,.,.,.,.,.,.,.,.,.,.,lilizen,tussehenkomst,zakenden,.,tuinbouwproducten,.,.,.,.,.,.,.,.,.,.,.,.,.,.,.
.,.,.,.,.,.,.,.,.,.,.,.,.,.,.,.,.,.,.,.,.,.,.,.,.,.,.,.,.,.,.,.,.,.,.,.,.,.,.,.,.,.,.,.,.,.,.,.,.,.,.,.,.,.,.,.,.,.,.,.,.,.,.,.,.,.,.,.,.,.,.,.,.,.,.,.,.,.,.,.,lotcrije,uitspraak,zakeß,.,t»,.,.,.,.,.,.,.,.,.,.,.,.,.,.,.
.,.,.,.,.,.,.,.,.,.,.,.,.,.,.,.,.,.,.,.,.,.,.,.,.,.,.,.,.,.,.,.,.,.,.,.,.,.,.,.,.,.,.,.,.,.,.,.,.,.,.,.,.,.,.,.,.,.,.,.,.,.,.,.,.,.,.,.,.,.,.,.,.,.,.,.,.,.,.,.,manoeuvres,vertegenwoordiger,zakn,.,uoteeringen,.,.,.,.,.,.,.,.,.,.,.,.,.,.,.
.,.,.,.,.,.,.,.,.,.,.,.,.,.,.,.,.,.,.,.,.,.,.,.,.,.,.,.,.,.,.,.,.,.,.,.,.,.,.,.,.,.,.,.,.,.,.,.,.,.,.,.,.,.,.,.,.,.,.,.,.,.,.,.,.,.,.,.,.,.,.,.,.,.,.,.,.,.,.,.,n,vyand,zeesleep,.,verbindiugde,.,.,.,.,.,.,.,.,.,.,.,.,.,.,.
.,.,.,.,.,.,.,.,.,.,.,.,.,.,.,.,.,.,.,.,.,.,.,.,.,.,.,.,.,.,.,.,.,.,.,.,.,.,.,.,.,.,.,.,.,.,.,.,.,.,.,.,.,.,.,.,.,.,.,.,.,.,.,.,.,.,.,.,.,.,.,.,.,.,.,.,.,.,.,.,origine,willekeur,zuivelmarkten,.,verzekeringsmaatschappijen,.,.,.,.,.,.,.,.,.,.,.,.,.,.,.
.,.,.,.,.,.,.,.,.,.,.,.,.,.,.,.,.,.,.,.,.,.,.,.,.,.,.,.,.,.,.,.,.,.,.,.,.,.,.,.,.,.,.,.,.,.,.,.,.,.,.,.,.,.,.,.,.,.,.,.,.,.,.,.,.,.,.,.,.,.,.,.,.,.,.,.,.,.,.,.,p,zakendeßegeering,èn,.,vooralduitsche,.,.,.,.,.,.,.,.,.,.,.,.,.,.,.
.,.,.,.,.,.,.,.,.,.,.,.,.,.,.,.,.,.,.,.,.,.,.,.,.,.,.,.,.,.,.,.,.,.,.,.,.,.,.,.,.,.,.,.,.,.,.,.,.,.,.,.,.,.,.,.,.,.,.,.,.,.,.,.,.,.,.,.,.,.,.,.,.,.,.,.,.,.,.,.,paardenhandelaars,zakenheeft,„wiesenbauschüle,.,vp,.,.,.,.,.,.,.,.,.,.,.,.,.,.,.
.,.,.,.,.,.,.,.,.,.,.,.,.,.,.,.,.,.,.,.,.,.,.,.,.,.,.,.,.,.,.,.,.,.,.,.,.,.,.,.,.,.,.,.,.,.,.,.,.,.,.,.,.,.,.,.,.,.,.,.,.,.,.,.,.,.,.,.,.,.,.,.,.,.,.,.,.,.,.,.,postadraißistratie,zakent,.,.,weini,.,.,.,.,.,.,.,.,.,.,.,.,.,.,.
.,.,.,.,.,.,.,.,.,.,.,.,.,.,.,.,.,.,.,.,.,.,.,.,.,.,.,.,.,.,.,.,.,.,.,.,.,.,.,.,.,.,.,.,.,.,.,.,.,.,.,.,.,.,.,.,.,.,.,.,.,.,.,.,.,.,.,.,.,.,.,.,.,.,.,.,.,.,.,.,rei,zake»i,.,.,zakei,.,.,.,.,.,.,.,.,.,.,.,.,.,.,.
.,.,.,.,.,.,.,.,.,.,.,.,.,.,.,.,.,.,.,.,.,.,.,.,.,.,.,.,.,.,.,.,.,.,.,.,.,.,.,.,.,.,.,.,.,.,.,.,.,.,.,.,.,.,.,.,.,.,.,.,.,.,.,.,.,.,.,.,.,.,.,.,.,.,.,.,.,.,.,.,schuldeiscbers,zakm,.,.,zakenmurawiewgelegen,.,.,.,.,.,.,.,.,.,.,.,.,.,.,.
.,.,.,.,.,.,.,.,.,.,.,.,.,.,.,.,.,.,.,.,.,.,.,.,.,.,.,.,.,.,.,.,.,.,.,.,.,.,.,.,.,.,.,.,.,.,.,.,.,.,.,.,.,.,.,.,.,.,.,.,.,.,.,.,.,.,.,.,.,.,.,.,.,.,.,.,.,.,.,.,sen,«en,.,.,zake„,.,.,.,.,.,.,.,.,.,.,.,.,.,.,.
.,.,.,.,.,.,.,.,.,.,.,.,.,.,.,.,.,.,.,.,.,.,.,.,.,.,.,.,.,.,.,.,.,.,.,.,.,.,.,.,.,.,.,.,.,.,.,.,.,.,.,.,.,.,.,.,.,.,.,.,.,.,.,.,.,.,.,.,.,.,.,.,.,.,.,.,.,.,.,.,siaatsfondsen,°,.,.,zalon,.,.,.,.,.,.,.,.,.,.,.,.,.,.,.
.,.,.,.,.,.,.,.,.,.,.,.,.,.,.,.,.,.,.,.,.,.,.,.,.,.,.,.,.,.,.,.,.,.,.,.,.,.,.,.,.,.,.,.,.,.,.,.,.,.,.,.,.,.,.,.,.,.,.,.,.,.,.,.,.,.,.,.,.,.,.,.,.,.,.,.,.,.,.,.,snoerenteelt,•ehuldbrieven,.,.,za°i0p,.,.,.,.,.,.,.,.,.,.,.,.,.,.,.
.,.,.,.,.,.,.,.,.,.,.,.,.,.,.,.,.,.,.,.,.,.,.,.,.,.,.,.,.,.,.,.,.,.,.,.,.,.,.,.,.,.,.,.,.,.,.,.,.,.,.,.,.,.,.,.,.,.,.,.,.,.,.,.,.,.,.,.,.,.,.,.,.,.,.,.,.,.,.,.,staa,■aken,.,.,zee,.,.,.,.,.,.,.,.,.,.,.,.,.,.,.
.,.,.,.,.,.,.,.,.,.,.,.,.,.,.,.,.,.,.,.,.,.,.,.,.,.,.,.,.,.,.,.,.,.,.,.,.,.,.,.,.,.,.,.,.,.,.,.,.,.,.,.,.,.,.,.,.,.,.,.,.,.,.,.,.,.,.,.,.,.,.,.,.,.,.,.,.,.,.,.,staafslundsen,.,.,.,.,.,.,.,.,.,.,.,.,.,.,.,.,.,.,.
.,.,.,.,.,.,.,.,.,.,.,.,.,.,.,.,.,.,.,.,.,.,.,.,.,.,.,.,.,.,.,.,.,.,.,.,.,.,.,.,.,.,.,.,.,.,.,.,.,.,.,.,.,.,.,.,.,.,.,.,.,.,.,.,.,.,.,.,.,.,.,.,.,.,.,.,.,.,.,.,staaisfondsen,.,.,.,.,.,.,.,.,.,.,.,.,.,.,.,.,.,.,.
.,.,.,.,.,.,.,.,.,.,.,.,.,.,.,.,.,.,.,.,.,.,.,.,.,.,.,.,.,.,.,.,.,.,.,.,.,.,.,.,.,.,.,.,.,.,.,.,.,.,.,.,.,.,.,.,.,.,.,.,.,.,.,.,.,.,.,.,.,.,.,.,.,.,.,.,.,.,.,.,staaisleeningen,.,.,.,.,.,.,.,.,.,.,.,.,.,.,.,.,.,.,.
.,.,.,.,.,.,.,.,.,.,.,.,.,.,.,.,.,.,.,.,.,.,.,.,.,.,.,.,.,.,.,.,.,.,.,.,.,.,.,.,.,.,.,.,.,.,.,.,.,.,.,.,.,.,.,.,.,.,.,.,.,.,.,.,.,.,.,.,.,.,.,.,.,.,.,.,.,.,.,.,staalsfonde,.,.,.,.,.,.,.,.,.,.,.,.,.,.,.,.,.,.,.
.,.,.,.,.,.,.,.,.,.,.,.,.,.,.,.,.,.,.,.,.,.,.,.,.,.,.,.,.,.,.,.,.,.,.,.,.,.,.,.,.,.,.,.,.,.,.,.,.,.,.,.,.,.,.,.,.,.,.,.,.,.,.,.,.,.,.,.,.,.,.,.,.,.,.,.,.,.,.,.,staalsleeningen,.,.,.,.,.,.,.,.,.,.,.,.,.,.,.,.,.,.,.
.,.,.,.,.,.,.,.,.,.,.,.,.,.,.,.,.,.,.,.,.,.,.,.,.,.,.,.,.,.,.,.,.,.,.,.,.,.,.,.,.,.,.,.,.,.,.,.,.,.,.,.,.,.,.,.,.,.,.,.,.,.,.,.,.,.,.,.,.,.,.,.,.,.,.,.,.,.,.,.,staalslondsen,.,.,.,.,.,.,.,.,.,.,.,.,.,.,.,.,.,.,.
.,.,.,.,.,.,.,.,.,.,.,.,.,.,.,.,.,.,.,.,.,.,.,.,.,.,.,.,.,.,.,.,.,.,.,.,.,.,.,.,.,.,.,.,.,.,.,.,.,.,.,.,.,.,.,.,.,.,.,.,.,.,.,.,.,.,.,.,.,.,.,.,.,.,.,.,.,.,.,.,staan,.,.,.,.,.,.,.,.,.,.,.,.,.,.,.,.,.,.,.
.,.,.,.,.,.,.,.,.,.,.,.,.,.,.,.,.,.,.,.,.,.,.,.,.,.,.,.,.,.,.,.,.,.,.,.,.,.,.,.,.,.,.,.,.,.,.,.,.,.,.,.,.,.,.,.,.,.,.,.,.,.,.,.,.,.,.,.,.,.,.,.,.,.,.,.,.,.,.,.,staat,.,.,.,.,.,.,.,.,.,.,.,.,.,.,.,.,.,.,.
.,.,.,.,.,.,.,.,.,.,.,.,.,.,.,.,.,.,.,.,.,.,.,.,.,.,.,.,.,.,.,.,.,.,.,.,.,.,.,.,.,.,.,.,.,.,.,.,.,.,.,.,.,.,.,.,.,.,.,.,.,.,.,.,.,.,.,.,.,.,.,.,.,.,.,.,.,.,.,.,staata,.,.,.,.,.,.,.,.,.,.,.,.,.,.,.,.,.,.,.
.,.,.,.,.,.,.,.,.,.,.,.,.,.,.,.,.,.,.,.,.,.,.,.,.,.,.,.,.,.,.,.,.,.,.,.,.,.,.,.,.,.,.,.,.,.,.,.,.,.,.,.,.,.,.,.,.,.,.,.,.,.,.,.,.,.,.,.,.,.,.,.,.,.,.,.,.,.,.,.,staataj,.,.,.,.,.,.,.,.,.,.,.,.,.,.,.,.,.,.,.
.,.,.,.,.,.,.,.,.,.,.,.,.,.,.,.,.,.,.,.,.,.,.,.,.,.,.,.,.,.,.,.,.,.,.,.,.,.,.,.,.,.,.,.,.,.,.,.,.,.,.,.,.,.,.,.,.,.,.,.,.,.,.,.,.,.,.,.,.,.,.,.,.,.,.,.,.,.,.,.,staataschuldbrieven,.,.,.,.,.,.,.,.,.,.,.,.,.,.,.,.,.,.,.
.,.,.,.,.,.,.,.,.,.,.,.,.,.,.,.,.,.,.,.,.,.,.,.,.,.,.,.,.,.,.,.,.,.,.,.,.,.,.,.,.,.,.,.,.,.,.,.,.,.,.,.,.,.,.,.,.,.,.,.,.,.,.,.,.,.,.,.,.,.,.,.,.,.,.,.,.,.,.,.,staateleeuingen,.,.,.,.,.,.,.,.,.,.,.,.,.,.,.,.,.,.,.
.,.,.,.,.,.,.,.,.,.,.,.,.,.,.,.,.,.,.,.,.,.,.,.,.,.,.,.,.,.,.,.,.,.,.,.,.,.,.,.,.,.,.,.,.,.,.,.,.,.,.,.,.,.,.,.,.,.,.,.,.,.,.,.,.,.,.,.,.,.,.,.,.,.,.,.,.,.,.,.,staatfondsen,.,.,.,.,.,.,.,.,.,.,.,.,.,.,.,.,.,.,.
.,.,.,.,.,.,.,.,.,.,.,.,.,.,.,.,.,.,.,.,.,.,.,.,.,.,.,.,.,.,.,.,.,.,.,.,.,.,.,.,.,.,.,.,.,.,.,.,.,.,.,.,.,.,.,.,.,.,.,.,.,.,.,.,.,.,.,.,.,.,.,.,.,.,.,.,.,.,.,.,staatsfnnhr,.,.,.,.,.,.,.,.,.,.,.,.,.,.,.,.,.,.,.
.,.,.,.,.,.,.,.,.,.,.,.,.,.,.,.,.,.,.,.,.,.,.,.,.,.,.,.,.,.,.,.,.,.,.,.,.,.,.,.,.,.,.,.,.,.,.,.,.,.,.,.,.,.,.,.,.,.,.,.,.,.,.,.,.,.,.,.,.,.,.,.,.,.,.,.,.,.,.,.,staatsfomlsen,.,.,.,.,.,.,.,.,.,.,.,.,.,.,.,.,.,.,.
.,.,.,.,.,.,.,.,.,.,.,.,.,.,.,.,.,.,.,.,.,.,.,.,.,.,.,.,.,.,.,.,.,.,.,.,.,.,.,.,.,.,.,.,.,.,.,.,.,.,.,.,.,.,.,.,.,.,.,.,.,.,.,.,.,.,.,.,.,.,.,.,.,.,.,.,.,.,.,.,staatsfond,.,.,.,.,.,.,.,.,.,.,.,.,.,.,.,.,.,.,.
.,.,.,.,.,.,.,.,.,.,.,.,.,.,.,.,.,.,.,.,.,.,.,.,.,.,.,.,.,.,.,.,.,.,.,.,.,.,.,.,.,.,.,.,.,.,.,.,.,.,.,.,.,.,.,.,.,.,.,.,.,.,.,.,.,.,.,.,.,.,.,.,.,.,.,.,.,.,.,.,staatsfondscii,.,.,.,.,.,.,.,.,.,.,.,.,.,.,.,.,.,.,.
.,.,.,.,.,.,.,.,.,.,.,.,.,.,.,.,.,.,.,.,.,.,.,.,.,.,.,.,.,.,.,.,.,.,.,.,.,.,.,.,.,.,.,.,.,.,.,.,.,.,.,.,.,.,.,.,.,.,.,.,.,.,.,.,.,.,.,.,.,.,.,.,.,.,.,.,.,.,.,.,staatsfondsenin,.,.,.,.,.,.,.,.,.,.,.,.,.,.,.,.,.,.,.
.,.,.,.,.,.,.,.,.,.,.,.,.,.,.,.,.,.,.,.,.,.,.,.,.,.,.,.,.,.,.,.,.,.,.,.,.,.,.,.,.,.,.,.,.,.,.,.,.,.,.,.,.,.,.,.,.,.,.,.,.,.,.,.,.,.,.,.,.,.,.,.,.,.,.,.,.,.,.,.,staatsfondse»,.,.,.,.,.,.,.,.,.,.,.,.,.,.,.,.,.,.,.
.,.,.,.,.,.,.,.,.,.,.,.,.,.,.,.,.,.,.,.,.,.,.,.,.,.,.,.,.,.,.,.,.,.,.,.,.,.,.,.,.,.,.,.,.,.,.,.,.,.,.,.,.,.,.,.,.,.,.,.,.,.,.,.,.,.,.,.,.,.,.,.,.,.,.,.,.,.,.,.,staatsibndsen,.,.,.,.,.,.,.,.,.,.,.,.,.,.,.,.,.,.,.
.,.,.,.,.,.,.,.,.,.,.,.,.,.,.,.,.,.,.,.,.,.,.,.,.,.,.,.,.,.,.,.,.,.,.,.,.,.,.,.,.,.,.,.,.,.,.,.,.,.,.,.,.,.,.,.,.,.,.,.,.,.,.,.,.,.,.,.,.,.,.,.,.,.,.,.,.,.,.,.,staatsicndsen,.,.,.,.,.,.,.,.,.,.,.,.,.,.,.,.,.,.,.
.,.,.,.,.,.,.,.,.,.,.,.,.,.,.,.,.,.,.,.,.,.,.,.,.,.,.,.,.,.,.,.,.,.,.,.,.,.,.,.,.,.,.,.,.,.,.,.,.,.,.,.,.,.,.,.,.,.,.,.,.,.,.,.,.,.,.,.,.,.,.,.,.,.,.,.,.,.,.,.,staatsieeuiuen,.,.,.,.,.,.,.,.,.,.,.,.,.,.,.,.,.,.,.
.,.,.,.,.,.,.,.,.,.,.,.,.,.,.,.,.,.,.,.,.,.,.,.,.,.,.,.,.,.,.,.,.,.,.,.,.,.,.,.,.,.,.,.,.,.,.,.,.,.,.,.,.,.,.,.,.,.,.,.,.,.,.,.,.,.,.,.,.,.,.,.,.,.,.,.,.,.,.,.,staatsl,.,.,.,.,.,.,.,.,.,.,.,.,.,.,.,.,.,.,.
.,.,.,.,.,.,.,.,.,.,.,.,.,.,.,.,.,.,.,.,.,.,.,.,.,.,.,.,.,.,.,.,.,.,.,.,.,.,.,.,.,.,.,.,.,.,.,.,.,.,.,.,.,.,.,.,.,.,.,.,.,.,.,.,.,.,.,.,.,.,.,.,.,.,.,.,.,.,.,.,staatslaeningen,.,.,.,.,.,.,.,.,.,.,.,.,.,.,.,.,.,.,.
.,.,.,.,.,.,.,.,.,.,.,.,.,.,.,.,.,.,.,.,.,.,.,.,.,.,.,.,.,.,.,.,.,.,.,.,.,.,.,.,.,.,.,.,.,.,.,.,.,.,.,.,.,.,.,.,.,.,.,.,.,.,.,.,.,.,.,.,.,.,.,.,.,.,.,.,.,.,.,.,staatslcenngen,.,.,.,.,.,.,.,.,.,.,.,.,.,.,.,.,.,.,.
.,.,.,.,.,.,.,.,.,.,.,.,.,.,.,.,.,.,.,.,.,.,.,.,.,.,.,.,.,.,.,.,.,.,.,.,.,.,.,.,.,.,.,.,.,.,.,.,.,.,.,.,.,.,.,.,.,.,.,.,.,.,.,.,.,.,.,.,.,.,.,.,.,.,.,.,.,.,.,.,staatslee,.,.,.,.,.,.,.,.,.,.,.,.,.,.,.,.,.,.,.
.,.,.,.,.,.,.,.,.,.,.,.,.,.,.,.,.,.,.,.,.,.,.,.,.,.,.,.,.,.,.,.,.,.,.,.,.,.,.,.,.,.,.,.,.,.,.,.,.,.,.,.,.,.,.,.,.,.,.,.,.,.,.,.,.,.,.,.,.,.,.,.,.,.,.,.,.,.,.,.,staatsleeiiingen,.,.,.,.,.,.,.,.,.,.,.,.,.,.,.,.,.,.,.
.,.,.,.,.,.,.,.,.,.,.,.,.,.,.,.,.,.,.,.,.,.,.,.,.,.,.,.,.,.,.,.,.,.,.,.,.,.,.,.,.,.,.,.,.,.,.,.,.,.,.,.,.,.,.,.,.,.,.,.,.,.,.,.,.,.,.,.,.,.,.,.,.,.,.,.,.,.,.,.,staatsleemiigen,.,.,.,.,.,.,.,.,.,.,.,.,.,.,.,.,.,.,.
.,.,.,.,.,.,.,.,.,.,.,.,.,.,.,.,.,.,.,.,.,.,.,.,.,.,.,.,.,.,.,.,.,.,.,.,.,.,.,.,.,.,.,.,.,.,.,.,.,.,.,.,.,.,.,.,.,.,.,.,.,.,.,.,.,.,.,.,.,.,.,.,.,.,.,.,.,.,.,.,staatsleen,.,.,.,.,.,.,.,.,.,.,.,.,.,.,.,.,.,.,.
.,.,.,.,.,.,.,.,.,.,.,.,.,.,.,.,.,.,.,.,.,.,.,.,.,.,.,.,.,.,.,.,.,.,.,.,.,.,.,.,.,.,.,.,.,.,.,.,.,.,.,.,.,.,.,.,.,.,.,.,.,.,.,.,.,.,.,.,.,.,.,.,.,.,.,.,.,.,.,.,staatsleeni,.,.,.,.,.,.,.,.,.,.,.,.,.,.,.,.,.,.,.
.,.,.,.,.,.,.,.,.,.,.,.,.,.,.,.,.,.,.,.,.,.,.,.,.,.,.,.,.,.,.,.,.,.,.,.,.,.,.,.,.,.,.,.,.,.,.,.,.,.,.,.,.,.,.,.,.,.,.,.,.,.,.,.,.,.,.,.,.,.,.,.,.,.,.,.,.,.,.,.,staatsleeniiigen,.,.,.,.,.,.,.,.,.,.,.,.,.,.,.,.,.,.,.
.,.,.,.,.,.,.,.,.,.,.,.,.,.,.,.,.,.,.,.,.,.,.,.,.,.,.,.,.,.,.,.,.,.,.,.,.,.,.,.,.,.,.,.,.,.,.,.,.,.,.,.,.,.,.,.,.,.,.,.,.,.,.,.,.,.,.,.,.,.,.,.,.,.,.,.,.,.,.,.,staatsleening,.,.,.,.,.,.,.,.,.,.,.,.,.,.,.,.,.,.,.
.,.,.,.,.,.,.,.,.,.,.,.,.,.,.,.,.,.,.,.,.,.,.,.,.,.,.,.,.,.,.,.,.,.,.,.,.,.,.,.,.,.,.,.,.,.,.,.,.,.,.,.,.,.,.,.,.,.,.,.,.,.,.,.,.,.,.,.,.,.,.,.,.,.,.,.,.,.,.,.,staatsleeninge,.,.,.,.,.,.,.,.,.,.,.,.,.,.,.,.,.,.,.
.,.,.,.,.,.,.,.,.,.,.,.,.,.,.,.,.,.,.,.,.,.,.,.,.,.,.,.,.,.,.,.,.,.,.,.,.,.,.,.,.,.,.,.,.,.,.,.,.,.,.,.,.,.,.,.,.,.,.,.,.,.,.,.,.,.,.,.,.,.,.,.,.,.,.,.,.,.,.,.,staatsleeningea,.,.,.,.,.,.,.,.,.,.,.,.,.,.,.,.,.,.,.
.,.,.,.,.,.,.,.,.,.,.,.,.,.,.,.,.,.,.,.,.,.,.,.,.,.,.,.,.,.,.,.,.,.,.,.,.,.,.,.,.,.,.,.,.,.,.,.,.,.,.,.,.,.,.,.,.,.,.,.,.,.,.,.,.,.,.,.,.,.,.,.,.,.,.,.,.,.,.,.,staatsleeningeu,.,.,.,.,.,.,.,.,.,.,.,.,.,.,.,.,.,.,.
.,.,.,.,.,.,.,.,.,.,.,.,.,.,.,.,.,.,.,.,.,.,.,.,.,.,.,.,.,.,.,.,.,.,.,.,.,.,.,.,.,.,.,.,.,.,.,.,.,.,.,.,.,.,.,.,.,.,.,.,.,.,.,.,.,.,.,.,.,.,.,.,.,.,.,.,.,.,.,.,staatsleeningt,.,.,.,.,.,.,.,.,.,.,.,.,.,.,.,.,.,.,.
.,.,.,.,.,.,.,.,.,.,.,.,.,.,.,.,.,.,.,.,.,.,.,.,.,.,.,.,.,.,.,.,.,.,.,.,.,.,.,.,.,.,.,.,.,.,.,.,.,.,.,.,.,.,.,.,.,.,.,.,.,.,.,.,.,.,.,.,.,.,.,.,.,.,.,.,.,.,.,.,staatsleenini,.,.,.,.,.,.,.,.,.,.,.,.,.,.,.,.,.,.,.
.,.,.,.,.,.,.,.,.,.,.,.,.,.,.,.,.,.,.,.,.,.,.,.,.,.,.,.,.,.,.,.,.,.,.,.,.,.,.,.,.,.,.,.,.,.,.,.,.,.,.,.,.,.,.,.,.,.,.,.,.,.,.,.,.,.,.,.,.,.,.,.,.,.,.,.,.,.,.,.,staatsleeninj,.,.,.,.,.,.,.,.,.,.,.,.,.,.,.,.,.,.,.
.,.,.,.,.,.,.,.,.,.,.,.,.,.,.,.,.,.,.,.,.,.,.,.,.,.,.,.,.,.,.,.,.,.,.,.,.,.,.,.,.,.,.,.,.,.,.,.,.,.,.,.,.,.,.,.,.,.,.,.,.,.,.,.,.,.,.,.,.,.,.,.,.,.,.,.,.,.,.,.,staatsleeniugcn,.,.,.,.,.,.,.,.,.,.,.,.,.,.,.,.,.,.,.
.,.,.,.,.,.,.,.,.,.,.,.,.,.,.,.,.,.,.,.,.,.,.,.,.,.,.,.,.,.,.,.,.,.,.,.,.,.,.,.,.,.,.,.,.,.,.,.,.,.,.,.,.,.,.,.,.,.,.,.,.,.,.,.,.,.,.,.,.,.,.,.,.,.,.,.,.,.,.,.,staatsleeniugeu,.,.,.,.,.,.,.,.,.,.,.,.,.,.,.,.,.,.,.
.,.,.,.,.,.,.,.,.,.,.,.,.,.,.,.,.,.,.,.,.,.,.,.,.,.,.,.,.,.,.,.,.,.,.,.,.,.,.,.,.,.,.,.,.,.,.,.,.,.,.,.,.,.,.,.,.,.,.,.,.,.,.,.,.,.,.,.,.,.,.,.,.,.,.,.,.,.,.,.,staatsleenmgen,.,.,.,.,.,.,.,.,.,.,.,.,.,.,.,.,.,.,.
.,.,.,.,.,.,.,.,.,.,.,.,.,.,.,.,.,.,.,.,.,.,.,.,.,.,.,.,.,.,.,.,.,.,.,.,.,.,.,.,.,.,.,.,.,.,.,.,.,.,.,.,.,.,.,.,.,.,.,.,.,.,.,.,.,.,.,.,.,.,.,.,.,.,.,.,.,.,.,.,staatsleeo0,.,.,.,.,.,.,.,.,.,.,.,.,.,.,.,.,.,.,.
.,.,.,.,.,.,.,.,.,.,.,.,.,.,.,.,.,.,.,.,.,.,.,.,.,.,.,.,.,.,.,.,.,.,.,.,.,.,.,.,.,.,.,.,.,.,.,.,.,.,.,.,.,.,.,.,.,.,.,.,.,.,.,.,.,.,.,.,.,.,.,.,.,.,.,.,.,.,.,.,staatsleéningen,.,.,.,.,.,.,.,.,.,.,.,.,.,.,.,.,.,.,.
.,.,.,.,.,.,.,.,.,.,.,.,.,.,.,.,.,.,.,.,.,.,.,.,.,.,.,.,.,.,.,.,.,.,.,.,.,.,.,.,.,.,.,.,.,.,.,.,.,.,.,.,.,.,.,.,.,.,.,.,.,.,.,.,.,.,.,.,.,.,.,.,.,.,.,.,.,.,.,.,staatspapiereu,.,.,.,.,.,.,.,.,.,.,.,.,.,.,.,.,.,.,.
.,.,.,.,.,.,.,.,.,.,.,.,.,.,.,.,.,.,.,.,.,.,.,.,.,.,.,.,.,.,.,.,.,.,.,.,.,.,.,.,.,.,.,.,.,.,.,.,.,.,.,.,.,.,.,.,.,.,.,.,.,.,.,.,.,.,.,.,.,.,.,.,.,.,.,.,.,.,.,.,staatsschulden,.,.,.,.,.,.,.,.,.,.,.,.,.,.,.,.,.,.,.
.,.,.,.,.,.,.,.,.,.,.,.,.,.,.,.,.,.,.,.,.,.,.,.,.,.,.,.,.,.,.,.,.,.,.,.,.,.,.,.,.,.,.,.,.,.,.,.,.,.,.,.,.,.,.,.,.,.,.,.,.,.,.,.,.,.,.,.,.,.,.,.,.,.,.,.,.,.,.,.,staats»,.,.,.,.,.,.,.,.,.,.,.,.,.,.,.,.,.,.,.
.,.,.,.,.,.,.,.,.,.,.,.,.,.,.,.,.,.,.,.,.,.,.,.,.,.,.,.,.,.,.,.,.,.,.,.,.,.,.,.,.,.,.,.,.,.,.,.,.,.,.,.,.,.,.,.,.,.,.,.,.,.,.,.,.,.,.,.,.,.,.,.,.,.,.,.,.,.,.,.,staatsïeeningen,.,.,.,.,.,.,.,.,.,.,.,.,.,.,.,.,.,.,.
